firstName,lastName,email,male,country
Maud,Comins,mcomins1@soup.io,male,China
Vanya,Rizzardi,vrizzardi2@rakuten.co.jp,female,Croatia
Sheryl,Peppin,speppin3@indiatimes.com,female,Bosnia and Herzegovina
Marcos,Pratt,mpratt4@bravesites.com,male,Poland
Gwennie,Pitman,gpitman5@mtv.com,male,Yemen
Anet,Nekrews,anekrews6@sourceforge.net,female,Brazil
Haze,Heales,hheales7@fda.gov,male,Philippines
Booth,L'Amie,blamie8@cpanel.net,male,Philippines
Gabby,Bedenham,gbedenham9@jiathis.com,male,Brazil
Carmelle,Gaunt,cgaunta@senate.gov,male,South Korea
Hillary,Sandbach,hsandbachb@weibo.com,female,Sweden
Chic,McRuvie,cmcruviec@nytimes.com,male,Iran
Jonis,Merner,jmernerd@amazon.co.jp,male,Russia
Brigid,Moseby,bmosebye@nydailynews.com,female,Azerbaijan
Codee,Frowde,cfrowdef@discuz.net,female,Brazil
Elsbeth,Antram,eantramg@thetimes.co.uk,male,Greece
Marian,Rainbird,mrainbirdh@princeton.edu,male,China
Peggi,Eyton,peytoni@people.com.cn,male,Vietnam
Caressa,Worsall,cworsallj@freewebs.com,male,Russia
Aurel,Schonfeld,aschonfeldk@cafepress.com,female,Iceland
Felike,Calken,fcalkenl@imgur.com,male,Russia
Ennis,MacKean,emackeanm@weibo.com,female,Bulgaria
Lucien,Rusbridge,lrusbridgen@homestead.com,male,Vietnam
Sharon,Mann,smanno@w3.org,female,Poland
Ora,Dabnot,odabnotp@1und1.de,male,Brazil
Bee,Pleavin,bpleavinq@livejournal.com,female,China
Carly,Szepe,cszeper@netvibes.com,female,Russia
Gracia,Isgar,gisgars@lycos.com,female,France
Johnnie,Grinval,jgrinvalt@army.mil,female,China
Alejandro,Corthes,acorthesu@topsy.com,female,Philippines
Ellissa,Layborn,elaybornv@blogtalkradio.com,female,Serbia
Melicent,Backhurst,mbackhurstw@ycombinator.com,female,Iran
Hester,Deluca,hdelucax@bluehost.com,male,Comoros
Ortensia,Longley,olongleyy@rakuten.co.jp,female,Japan
Lucas,Mayho,lmayhoz@pen.io,male,Brazil
Von,Gradon,vgradon10@surveymonkey.com,male,Philippines
Terrell,Kennagh,tkennagh11@tripadvisor.com,female,China
Sayres,Daveran,sdaveran12@netlog.com,male,Indonesia
Leeann,Avery,lavery13@stanford.edu,male,Poland
Shelby,Byrth,sbyrth14@zdnet.com,male,Philippines
Nikita,Goakes,ngoakes15@usatoday.com,male,Cameroon
Sanderson,MacLaren,smaclaren16@cisco.com,female,Central African Republic
Hashim,Mager,hmager17@reverbnation.com,female,China
Cullie,Walsh,cwalsh18@apple.com,female,China
Rabi,Glacken,rglacken19@squarespace.com,female,Vietnam
Leonelle,Skitterel,lskitterel1a@abc.net.au,female,Vanuatu
Fannie,Donaldson,fdonaldson1b@illinois.edu,male,France
Lissi,Keener,lkeener1c@accuweather.com,female,Cameroon
Etan,Aston,easton1d@opensource.org,male,Brazil
Angeli,Atrill,aatrill1e@paginegialle.it,female,Russia
Reinaldos,Butland,rbutland1f@springer.com,female,Brazil
Louisette,Putson,lputson1g@weibo.com,male,Bosnia and Herzegovina
Gran,Doumerc,gdoumerc1h@time.com,female,Ukraine
Boigie,Crawcour,bcrawcour1i@simplemachines.org,female,Brazil
Cammy,Whelband,cwhelband1j@blogtalkradio.com,female,Indonesia
Winn,Rizziello,wrizziello1k@spotify.com,female,Philippines
Antonina,O'Cullen,aocullen1l@homestead.com,male,China
Forbes,Vanshin,fvanshin1m@amazon.de,female,Czech Republic
Nancie,Molloy,nmolloy1n@hubpages.com,male,Czech Republic
Billie,Fleischmann,bfleischmann1o@yellowbook.com,female,Sweden
Vance,Franceschi,vfranceschi1p@guardian.co.uk,female,Brazil
Ambur,Sapsforde,asapsforde1q@google.pl,female,Georgia
Emerson,Fosdick,efosdick1r@answers.com,male,Philippines
Herve,Gilsthorpe,hgilsthorpe1s@wix.com,female,Czech Republic
Augustin,Baudrey,abaudrey1t@xrea.com,male,China
Kristen,Fanthom,kfanthom1u@rambler.ru,male,China
Ramonda,Coast,rcoast1v@barnesandnoble.com,male,Colombia
Teriann,Stanborough,tstanborough1w@hatena.ne.jp,female,Chile
Maggy,Kitman,mkitman1x@state.tx.us,male,Belarus
Jeni,Nuth,jnuth1y@independent.co.uk,female,Serbia
Rowena,Dunster,rdunster1z@soundcloud.com,male,Russia
Dorena,Cashman,dcashman20@networksolutions.com,female,China
Maximilien,Darridon,mdarridon21@posterous.com,male,Russia
Torrance,Cescoti,tcescoti22@xrea.com,male,China
Gwenette,Pickthall,gpickthall23@bing.com,female,Malaysia
Shep,Carpe,scarpe24@e-recht24.de,male,Nigeria
Adora,Lanston,alanston25@scribd.com,female,Sweden
Adiana,Spitaro,aspitaro26@umich.edu,male,Serbia
Warren,Dowrey,wdowrey27@domainmarket.com,female,Ethiopia
Barnabe,Sissot,bsissot28@netlog.com,male,United States
Vania,Ashley,vashley29@php.net,male,Bolivia
Wilie,Dudleston,wdudleston2a@sourceforge.net,female,Canada
Bendite,Pleace,bpleace2b@usnews.com,female,Ukraine
Pollyanna,Dracey,pdracey2c@nsw.gov.au,female,Peru
Astrix,Robbert,arobbert2d@telegraph.co.uk,male,Poland
Garwin,Gopsell,ggopsell2e@acquirethisname.com,female,Indonesia
Rossy,Prothero,rprothero2f@google.ru,female,China
Erinna,Bristoe,ebristoe2g@blogtalkradio.com,male,Cambodia
Raine,Commings,rcommings2h@illinois.edu,female,Indonesia
Sybilla,Turnbull,sturnbull2i@yellowpages.com,female,Russia
Wain,Dufoure,wdufoure2j@usgs.gov,female,Finland
Wini,Reimers,wreimers2k@hatena.ne.jp,female,Indonesia
Karney,Caine,kcaine2l@spotify.com,male,Indonesia
Skylar,Mattsson,smattsson2m@timesonline.co.uk,male,Russia
Nelia,Vayro,nvayro2n@netscape.com,male,Serbia
Amandy,Stoodley,astoodley2o@usa.gov,male,Sweden
Dacey,Cordes,dcordes2p@scribd.com,female,Russia
Nisse,Elner,nelner2q@netlog.com,female,Mexico
Brantley,Learmonth,blearmonth2r@linkedin.com,male,Syria
Darsie,Wycliffe,dwycliffe2s@behance.net,male,Argentina
Jessie,Verduin,jverduin2t@themeforest.net,female,Gabon
Valentina,Fayer,vfayer2u@github.com,male,Brazil
Deva,Rentz,drentz2v@sbwire.com,male,Russia
Pammie,Ert,pert2w@netlog.com,male,Mongolia
Whitney,Beeken,wbeeken2x@time.com,female,Brazil
Clarissa,Falvey,cfalvey2y@alexa.com,male,Indonesia
Boycie,Robken,brobken2z@accuweather.com,male,Russia
Augy,Borchardt,aborchardt30@indiegogo.com,female,China
Valentine,Klewi,vklewi31@addthis.com,female,China
Rozele,Willerton,rwillerton32@eventbrite.com,male,Indonesia
Klara,Shearsby,kshearsby33@abc.net.au,male,China
Wynny,Shanahan,wshanahan34@independent.co.uk,male,France
Vin,Emmot,vemmot35@smh.com.au,female,France
Jo-anne,Dallander,jdallander36@topsy.com,male,Dominican Republic
Lara,Goulthorp,lgoulthorp37@technorati.com,female,Argentina
Ronnie,Cullagh,rcullagh38@archive.org,female,Russia
Gunilla,Lockart,glockart39@reference.com,male,Tunisia
Bill,Debrick,bdebrick3a@chron.com,male,China
Frankie,Symms,fsymms3b@timesonline.co.uk,female,Philippines
Stevena,Parlot,sparlot3c@yellowpages.com,male,Portugal
Florry,Danton,fdanton3d@ycombinator.com,female,Brazil
Flory,Synke,fsynke3e@princeton.edu,female,Morocco
Linda,Walczak,lwalczak3f@google.it,male,Indonesia
Benedick,Woodcraft,bwoodcraft3g@princeton.edu,female,Indonesia
Lorettalorna,Coupman,lcoupman3h@umich.edu,female,Nigeria
Haskell,Corrigan,hcorrigan3i@upenn.edu,male,Afghanistan
Amata,Shillabear,ashillabear3j@blog.com,female,Gabon
Andres,Livingstone,alivingstone3k@prlog.org,male,Russia
Darius,Bott,dbott3l@paypal.com,female,Israel
Helenelizabeth,Gossop,hgossop3m@patch.com,male,Yemen
Cordie,Zorzi,czorzi3n@webnode.com,male,Indonesia
Alvira,Staniforth,astaniforth3o@1688.com,male,China
Job,Denniston,jdenniston3p@soup.io,male,Russia
Barnett,Dybald,bdybald3q@merriam-webster.com,female,Portugal
Annmaria,Barracks,abarracks3r@bloomberg.com,female,Poland
Cathyleen,Runacres,crunacres3s@cyberchimps.com,male,Brazil
Giselbert,Clingan,gclingan3t@vkontakte.ru,female,Indonesia
Werner,Pridham,wpridham3u@theatlantic.com,female,Montenegro
Patricio,Margrem,pmargrem3v@bandcamp.com,male,China
Casper,Doddrell,cdoddrell3w@fotki.com,male,China
Rhianna,Battrick,rbattrick3x@stanford.edu,male,Chile
Jesse,Smithyman,jsmithyman3y@amazon.co.jp,male,China
Dunc,McEvon,dmcevon3z@cbc.ca,male,Indonesia
Berke,Eyles,beyles40@nymag.com,male,Czech Republic
Sandi,Scrinage,sscrinage41@pcworld.com,male,China
Cher,Gillman,cgillman42@parallels.com,female,Honduras
Tessa,Belbin,tbelbin43@usa.gov,female,Iran
Barbabra,Hammond,bhammond44@delicious.com,female,Peru
Loretta,Samson,lsamson45@biblegateway.com,female,China
Staford,Rogliero,srogliero46@trellian.com,male,Mongolia
Alvira,Renals,arenals47@timesonline.co.uk,male,China
Fraser,Kenan,fkenan48@tmall.com,female,Netherlands
Alvy,Haydney,ahaydney49@irs.gov,female,Mexico
Chrissie,Jirieck,cjirieck4a@clickbank.net,male,China
Blanch,Espinola,bespinola4b@tiny.cc,female,Russia
Philippine,Leng,pleng4c@newyorker.com,female,Japan
Tommy,Python,tpython4d@4shared.com,male,Japan
Jim,Dubock,jdubock4e@slashdot.org,female,Philippines
Adolf,Balchin,abalchin4f@tumblr.com,male,Philippines
Zechariah,Byrde,zbyrde4g@webmd.com,male,Ukraine
Lemmy,Mcwhinney,lmcwhinney4h@virginia.edu,female,Spain
Lucho,Cristofol,lcristofol4i@qq.com,male,Indonesia
Missie,Brellin,mbrellin4j@msu.edu,female,China
Hart,Collier,hcollier4k@plala.or.jp,female,Denmark
Halimeda,McMeeking,hmcmeeking4l@ed.gov,male,China
Nancee,Fearon,nfearon4m@ft.com,female,Syria
Kaila,Patemore,kpatemore4n@mlb.com,female,China
Flo,Finlayson,ffinlayson4o@aboutads.info,female,Belarus
Janek,Reubbens,jreubbens4p@wix.com,female,Finland
Isobel,Blaes,iblaes4q@delicious.com,male,Russia
Pavlov,Southerns,psoutherns4r@psu.edu,female,Sweden
Lowrance,Beszant,lbeszant4s@slate.com,female,Russia
Hedvig,Arendsen,harendsen4t@t-online.de,female,Zambia
Lyle,Harmon,lharmon4u@technorati.com,male,China
Arabela,Izsak,aizsak4v@nps.gov,male,Greece
Cly,Penwarden,cpenwarden4w@google.nl,female,Philippines
Staffard,Saddleton,ssaddleton4x@prnewswire.com,female,China
Minda,Prophet,mprophet4y@fda.gov,male,Thailand
Tedmund,Cummine,tcummine4z@photobucket.com,male,China
Felipe,Nafzger,fnafzger50@alibaba.com,male,Slovenia
Alano,Tamblyn,atamblyn51@blog.com,male,Albania
Terrell,Gobourn,tgobourn52@bloomberg.com,female,Philippines
Elayne,Repper,erepper53@pbs.org,male,Brazil
Kylie,Jorgensen,kjorgensen54@state.tx.us,female,China
Krispin,Guerrazzi,kguerrazzi55@msn.com,female,Croatia
Alberta,Tuite,atuite56@tamu.edu,female,Indonesia
Jamill,Gilluley,jgilluley57@linkedin.com,male,Russia
Mirella,Thundercliffe,mthundercliffe58@cnet.com,male,Tanzania
Thurston,Briamo,tbriamo59@yandex.ru,female,China
Mead,Marre,mmarre5a@globo.com,male,Moldova
Jermayne,Challener,jchallener5b@columbia.edu,male,Senegal
Emmi,French,efrench5c@myspace.com,male,Sweden
Emmalynne,Polly,epolly5d@thetimes.co.uk,male,Colombia
Lanie,Lukas,llukas5e@jimdo.com,female,Brazil
Sherwin,Cowin,scowin5f@istockphoto.com,female,Palestinian Territory
Briano,Finicj,bfinicj5g@nasa.gov,male,Russia
Filberte,Tweedy,ftweedy5h@sitemeter.com,female,Yemen
Shanda,Loxton,sloxton5i@mayoclinic.com,male,Ukraine
Jeddy,Charnick,jcharnick5j@scribd.com,female,Latvia
Lura,Quoit,lquoit5k@state.gov,male,China
Jecho,Gebuhr,jgebuhr5l@ebay.co.uk,female,China
Lindsay,Tingey,ltingey5m@bbb.org,male,Tanzania
Wilburt,Jennrich,wjennrich5n@mashable.com,female,Nigeria
Collen,Thew,cthew5o@goo.ne.jp,female,Mexico
Boycie,Harvatt,bharvatt5p@is.gd,female,China
Ame,Mingay,amingay5q@com.com,female,Poland
Mario,Tripean,mtripean5r@census.gov,male,Philippines
Rivkah,McGinnell,rmcginnell5s@usnews.com,female,China
Valentine,Turfin,vturfin5t@1688.com,female,China
Joli,Axelbee,jaxelbee5u@cbslocal.com,female,China
Alexandr,Prichard,aprichard5v@spotify.com,female,China
Barbabas,Stothard,bstothard5w@hibu.com,female,Kazakhstan
Laurice,Frondt,lfrondt5x@pagesperso-orange.fr,female,Egypt
Roze,Carbine,rcarbine5y@infoseek.co.jp,male,Vietnam
Cariotta,Bockmann,cbockmann5z@newyorker.com,male,Cuba
Willi,Dunham,wdunham60@bizjournals.com,male,Indonesia
Marian,Rowlstone,mrowlstone61@ebay.com,female,Russia
Ingar,Treverton,itreverton62@google.nl,female,China
Sasha,Boocock,sboocock63@myspace.com,female,Indonesia
Inna,Jurzyk,ijurzyk64@npr.org,male,Canada
Maxim,Leatt,mleatt65@istockphoto.com,female,Russia
Gard,Purle,gpurle66@squarespace.com,female,Norway
Mariel,Mulrean,mmulrean67@tiny.cc,male,Uganda
Kali,Labusch,klabusch68@seesaa.net,female,Saudi Arabia
Anna-diane,Benford,abenford69@google.nl,male,China
Willis,Hiom,whiom6a@yandex.ru,female,Poland
Timmy,Jurkowski,tjurkowski6b@scientificamerican.com,female,Argentina
Gerry,Willows,gwillows6c@usda.gov,female,Finland
Yank,Smuth,ysmuth6d@tamu.edu,female,Indonesia
Aurel,Hanbury-Brown,ahanburybrown6e@berkeley.edu,female,China
Nollie,Stivers,nstivers6f@rakuten.co.jp,male,China
Karita,Melladew,kmelladew6g@mail.ru,female,Nepal
Greggory,Yedall,gyedall6h@ucoz.ru,female,Thailand
Carroll,Wombwell,cwombwell6i@foxnews.com,male,Czech Republic
Vin,Tomaszczyk,vtomaszczyk6j@nifty.com,female,Brazil
Niall,Pennock,npennock6k@google.de,male,China
Josh,Brownscombe,jbrownscombe6l@topsy.com,female,Portugal
Mary,Dober,mdober6m@ted.com,male,China
Morse,Colman,mcolman6n@google.pl,female,Slovenia
Jarred,Bouttell,jbouttell6o@e-recht24.de,female,Thailand
Lorinda,Hankinson,lhankinson6p@shutterfly.com,male,Thailand
Thibaut,Gatenby,tgatenby6q@economist.com,female,Philippines
Hersch,Gilbeart,hgilbeart6r@printfriendly.com,male,China
Clarette,Varren,cvarren6s@unesco.org,female,Indonesia
Corbie,Rosone,crosone6t@comcast.net,male,Mongolia
Eirena,Shapcote,eshapcote6u@arstechnica.com,female,Nigeria
Chelsy,Charlin,ccharlin6v@vkontakte.ru,female,Japan
Nicky,Boundley,nboundley6w@indiegogo.com,male,Indonesia
Veronique,McArdell,vmcardell6x@bing.com,male,Bulgaria
Cindra,Downie,cdownie6y@topsy.com,male,Brazil
Marta,Pembry,mpembry6z@cbslocal.com,female,Belarus
Melvin,Lanchester,mlanchester70@shinystat.com,female,Philippines
Kariotta,Blaymires,kblaymires71@cpanel.net,male,Netherlands
Benoite,Tanslie,btanslie72@pcworld.com,male,Sweden
Ofella,Mingotti,omingotti73@wunderground.com,male,Greece
Haywood,Ambresin,hambresin74@wix.com,female,Philippines
Sissie,Ianno,sianno75@prweb.com,female,Indonesia
Job,Fauning,jfauning76@amazon.de,male,Thailand
Andros,Danbury,adanbury77@delicious.com,female,Japan
Guillermo,Caldes,gcaldes78@sciencedirect.com,male,Indonesia
Lind,Dredge,ldredge79@timesonline.co.uk,male,Russia
Hestia,Comins,hcomins7a@friendfeed.com,male,New Zealand
Marleah,Wragge,mwragge7b@dagondesign.com,male,Indonesia
Doralynn,Shillaber,dshillaber7c@paginegialle.it,female,Greece
Hermann,Elce,helce7d@timesonline.co.uk,male,Syria
Robbi,Coniam,rconiam7e@purevolume.com,male,Colombia
Mathew,Echallie,mechallie7f@pbs.org,female,Russia
Florinda,Corradengo,fcorradengo7g@ed.gov,female,Portugal
Nikoletta,Caddy,ncaddy7h@purevolume.com,female,Jamaica
Meryl,Wybourne,mwybourne7i@nationalgeographic.com,male,Russia
Yolande,Clark,yclark7j@yellowbook.com,female,Portugal
Ely,Sheringham,esheringham7k@123-reg.co.uk,female,China
Florance,Pulley,fpulley7l@scribd.com,female,Syria
Ilsa,Bruins,ibruins7m@lulu.com,male,Croatia
Derry,Willmetts,dwillmetts7n@yelp.com,female,Portugal
Ailbert,Samworth,asamworth7o@statcounter.com,male,Czech Republic
Loni,Hayball,lhayball7p@sitemeter.com,male,China
Thayne,Birbeck,tbirbeck7q@printfriendly.com,female,France
Teddie,Whild,twhild7r@oracle.com,female,United States
Trstram,Worsnap,tworsnap7s@cdbaby.com,female,Russia
Kaylyn,Bellord,kbellord7t@ed.gov,male,Sweden
Con,Berendsen,cberendsen7u@cdbaby.com,male,Russia
Matti,Matzen,mmatzen7v@omniture.com,female,Canada
Hodge,Peto,hpeto7w@github.io,female,Pakistan
Angy,Pittel,apittel7x@altervista.org,female,Brazil
Kay,Simmons,ksimmons7y@dmoz.org,female,Tunisia
Burt,Renals,brenals7z@cpanel.net,male,China
Sidonnie,Adamovicz,sadamovicz80@eepurl.com,female,China
Jeralee,Paolacci,jpaolacci81@chron.com,male,Madagascar
Doti,Lawey,dlawey82@miitbeian.gov.cn,male,Indonesia
Shalna,Moon,smoon83@networkadvertising.org,male,Czech Republic
Reuven,Melwall,rmelwall84@geocities.com,male,China
Bertie,Shapter,bshapter85@ihg.com,male,Indonesia
Georgeta,Caustic,gcaustic86@angelfire.com,male,Georgia
Eleonora,Codman,ecodman87@cbsnews.com,male,China
Carola,Caldera,ccaldera88@amazon.co.uk,male,New Zealand
Grant,Labuschagne,glabuschagne89@friendfeed.com,male,Indonesia
Chandal,Scintsbury,cscintsbury8a@reddit.com,male,Portugal
Borg,Robbel,brobbel8b@senate.gov,female,Philippines
Ferdinanda,Ion,fion8c@youku.com,male,Brazil
Maximo,Tuff,mtuff8d@google.co.uk,male,Thailand
Priscilla,Boolsen,pboolsen8e@goo.gl,male,Indonesia
Phillipe,Harken,pharken8f@psu.edu,female,Mexico
Elga,Mallen,emallen8g@bloglines.com,female,Brunei
Hewitt,Cooch,hcooch8h@sbwire.com,female,United States
Wilek,Ruseworth,wruseworth8i@trellian.com,male,Peru
Lisle,McPartling,lmcpartling8j@1688.com,male,Argentina
Rachael,Chifney,rchifney8k@google.nl,female,Thailand
Cecilia,Saunder,csaunder8l@ehow.com,female,China
Yorgo,Grisbrook,ygrisbrook8m@amazon.de,female,Honduras
Ashlee,Serginson,aserginson8n@github.io,male,China
Yard,Chadbourne,ychadbourne8o@slate.com,male,Poland
Cindi,Shapera,cshapera8p@foxnews.com,female,Afghanistan
Caryl,Goldson,cgoldson8q@goo.ne.jp,female,Indonesia
Leodora,McCorkindale,lmccorkindale8r@sbwire.com,female,Guatemala
Vanda,Hosby,vhosby8s@theglobeandmail.com,male,Nicaragua
Land,Gartenfeld,lgartenfeld8t@prlog.org,male,China
Cindelyn,Sanpher,csanpher8u@vkontakte.ru,male,China
Grace,Baulk,gbaulk8v@altervista.org,female,China
Dee,Harkins,dharkins8w@soundcloud.com,female,Brazil
Raimund,Osban,rosban8x@flavors.me,female,Russia
Jessica,Dillamore,jdillamore8y@vkontakte.ru,female,China
Rodie,Boulger,rboulger8z@dailymail.co.uk,male,China
Stefan,Halley,shalley90@oaic.gov.au,male,Ukraine
Erl,Biaggioli,ebiaggioli91@alexa.com,male,China
Fredericka,Glasser,fglasser92@wikia.com,male,Indonesia
Allene,Leyburn,aleyburn93@mozilla.org,female,Vietnam
Erik,Ruggieri,eruggieri94@prnewswire.com,male,Ukraine
Meryl,Gentreau,mgentreau95@jugem.jp,male,Norway
Karoly,Batts,kbatts96@reverbnation.com,female,France
Albertine,Abbison,aabbison97@tinypic.com,male,China
Lavinie,Silverman,lsilverman98@cocolog-nifty.com,male,Brazil
Dare,Tucsell,dtucsell99@mozilla.org,female,China
Theresita,Nutt,tnutt9a@csmonitor.com,male,Australia
Gertruda,Weall,gweall9b@apache.org,female,Malta
Antonina,Landeaux,alandeaux9c@storify.com,female,France
Minnaminnie,Hallgalley,mhallgalley9d@mediafire.com,female,Japan
Susi,Thorne,sthorne9e@themeforest.net,male,Greece
Axel,Whorlow,awhorlow9f@marriott.com,male,Argentina
Mahalia,Alabaster,malabaster9g@furl.net,female,China
Casandra,Beverley,cbeverley9h@mashable.com,male,France
Garrett,Scorthorne,gscorthorne9i@delicious.com,female,China
Claudian,Shippard,cshippard9j@cbc.ca,male,Venezuela
Demetre,Keatley,dkeatley9k@wunderground.com,female,China
Samara,Mintoff,smintoff9l@marketwatch.com,male,Indonesia
Mead,Mathewson,mmathewson9m@squidoo.com,male,Portugal
Sal,Angood,sangood9n@51.la,female,Canada
Nonie,Burness,nburness9o@telegraph.co.uk,female,Sweden
Flori,Haster,fhaster9p@yale.edu,female,Russia
Clo,Convery,cconvery9q@hao123.com,male,New Zealand
Kaye,Pett,kpett9r@bloglines.com,female,Canada
Eudora,De Mars,edemars9s@comsenz.com,female,Kosovo
Yovonnda,Seer,yseer9t@xrea.com,female,Mongolia
Merv,Finlry,mfinlry9u@mlb.com,female,Ethiopia
Vinny,Gauvain,vgauvain9v@amazonaws.com,female,China
Leanna,Boards,lboards9w@hibu.com,female,Yemen
Wilfrid,Olenin,wolenin9x@last.fm,female,Rwanda
Sarge,Ableson,sableson9y@topsy.com,female,Peru
Talbert,Chadney,tchadney9z@gmpg.org,male,China
Jan,Fanner,jfannera0@surveymonkey.com,male,Peru
Delora,Jako,djakoa1@jalbum.net,female,Indonesia
Etty,Kobisch,ekobischa2@army.mil,female,Iran
Matthieu,Skerratt,mskerratta3@paginegialle.it,male,Argentina
Josey,Brafferton,jbraffertona4@springer.com,male,China
Delly,Breslin,dbreslina5@ft.com,male,China
Meara,Ferrarello,mferrarelloa6@digg.com,male,Russia
Nahum,Truelove,ntruelovea7@123-reg.co.uk,male,Poland
Kermy,Cortez,kcorteza8@usnews.com,male,Philippines
Nonah,Pitcher,npitchera9@timesonline.co.uk,male,Paraguay
Joey,Brayson,jbraysonaa@sbwire.com,female,Peru
Ulric,Mawd,umawdab@ifeng.com,female,China
Lefty,Whickman,lwhickmanac@de.vu,female,Czech Republic
Darcy,Casali,dcasaliad@dion.ne.jp,male,China
Nora,Risdall,nrisdallae@ox.ac.uk,female,Japan
Frankie,Yesichev,fyesichevaf@tripadvisor.com,male,Indonesia
Jerry,Coolbear,jcoolbearag@fda.gov,female,Mauritius
Sherman,Spellman,sspellmanah@edublogs.org,female,Indonesia
Jessee,Sawood,jsawoodai@examiner.com,male,Thailand
Konstantin,Morilla,kmorillaaj@google.ca,male,Greece
Dehlia,Longfield,dlongfieldak@ustream.tv,female,China
Berty,Girod,bgirodal@pcworld.com,male,United States
Seamus,Whiterod,swhiterodam@alexa.com,male,Cameroon
Corby,Camilleri,ccamillerian@economist.com,male,Greece
Stella,Cockerham,scockerhamao@fastcompany.com,male,Kenya
Zollie,Nurden,znurdenap@1und1.de,female,China
Minny,Henker,mhenkeraq@webs.com,male,Germany
Jeremiah,Adicot,jadicotar@mapy.cz,female,China
Baxter,Borthram,bborthramas@fda.gov,female,Portugal
Darius,Gerry,dgerryat@sphinn.com,female,Russia
Bella,Nel,bnelau@altervista.org,male,China
Lyndsay,Lownes,llownesav@guardian.co.uk,male,South Africa
Jacquenette,Thormann,jthormannaw@ask.com,female,Japan
Lacie,Wimlet,lwimletax@dailymotion.com,female,Egypt
Helena,Abrashkin,habrashkinay@stumbleupon.com,female,Portugal
Carolee,MacDougal,cmacdougalaz@google.cn,male,Indonesia
Elle,Maffezzoli,emaffezzolib0@youtu.be,male,Argentina
Hugibert,Grebbin,hgrebbinb1@pbs.org,male,China
Emmott,Kidstoun,ekidstounb2@webnode.com,female,Philippines
Camella,Metheringham,cmetheringhamb3@tumblr.com,male,Malta
Ninnetta,Kocher,nkocherb4@mapy.cz,male,Mongolia
Latrena,Liptrot,lliptrotb5@intel.com,male,China
Analiese,Branno,abrannob6@soundcloud.com,female,Russia
Adair,Mcasparan,amcasparanb7@seesaa.net,male,Solomon Islands
Pedro,Fallowes,pfallowesb8@shinystat.com,male,Indonesia
Nicoline,Drewery,ndreweryb9@businessweek.com,male,Greece
Kacey,Otto,kottoba@soup.io,male,Japan
Maire,Marchbank,mmarchbankbb@dailymotion.com,male,China
Matty,Knottley,mknottleybc@paginegialle.it,male,Croatia
Mirilla,Beake,mbeakebd@flavors.me,male,Grenada
Fransisco,Pitcher,fpitcherbe@answers.com,female,Ukraine
Cirstoforo,Matzel,cmatzelbf@plala.or.jp,male,Colombia
Brade,Rickeard,brickeardbg@usda.gov,female,Poland
Paolo,Jendrich,pjendrichbh@wikispaces.com,female,Indonesia
Elspeth,Cleverley,ecleverleybi@paypal.com,male,China
Normie,Argyle,nargylebj@illinois.edu,female,Czech Republic
Marj,Jacquemard,mjacquemardbk@cornell.edu,male,Nigeria
Mychal,Loblie,mlobliebl@apple.com,male,Kyrgyzstan
Bertrand,O'Grada,bogradabm@drupal.org,male,Indonesia
Gallard,Farron,gfarronbn@pagesperso-orange.fr,male,Indonesia
Rutledge,Chaudhry,rchaudhrybo@tamu.edu,female,Indonesia
Matty,Olney,molneybp@virginia.edu,female,Indonesia
Jorrie,Aylwin,jaylwinbq@nih.gov,female,United States
Rozanne,O'Kielt,rokieltbr@cmu.edu,male,Ukraine
Ulberto,Ainscough,uainscoughbs@army.mil,female,New Zealand
Tatiania,Capelow,tcapelowbt@jalbum.net,female,Marshall Islands
Katy,Danit,kdanitbu@ebay.co.uk,male,Ethiopia
Lynna,Nunnery,lnunnerybv@wired.com,female,France
Trudi,Uebel,tuebelbw@acquirethisname.com,male,Argentina
Randy,Churn,rchurnbx@networkadvertising.org,female,China
Zane,Boland,zbolandby@pen.io,female,Venezuela
Bartholomeus,Stanworth,bstanworthbz@dell.com,female,Indonesia
Wendel,Riping,wripingc0@nydailynews.com,female,United States
Dorena,Minghetti,dminghettic1@fotki.com,female,France
Doralin,Wathan,dwathanc2@addtoany.com,male,China
Elsinore,Hoofe,ehoofec3@army.mil,female,Russia
Izzy,Ellicott,iellicottc4@mlb.com,male,Angola
Carissa,Domegan,cdomeganc5@furl.net,male,Brazil
Finn,Jirieck,fjirieckc6@google.ru,female,Peru
Babs,Tremellier,btremellierc7@nhs.uk,male,Portugal
Phoebe,Latliff,platliffc8@lulu.com,male,Portugal
Sharai,Brockhouse,sbrockhousec9@over-blog.com,female,China
Barde,Craney,bcraneyca@twitter.com,male,France
Berthe,Hayesman,bhayesmancb@mapquest.com,female,China
Susi,Hedger,shedgercc@dailymail.co.uk,female,Portugal
Reinhold,Huggen,rhuggencd@furl.net,female,United States
Salem,Hinstridge,shinstridgece@whitehouse.gov,female,Greece
Alyosha,Edworthie,aedworthiecf@nih.gov,male,Chile
Zora,Tancock,ztancockcg@disqus.com,female,Brazil
Lay,Stedman,lstedmanch@live.com,male,Colombia
Jarrid,Goaley,jgoaleyci@odnoklassniki.ru,female,China
Hilton,La Padula,hlapadulacj@hud.gov,female,United States
Orsola,Rochford,orochfordck@discovery.com,female,Albania
Buddy,Roussell,broussellcl@nifty.com,female,Japan
Amity,Sakins,asakinscm@nsw.gov.au,male,France
Stepha,Toone,stoonecn@auda.org.au,female,Russia
Ivan,Blazeby,iblazebyco@bbb.org,male,Afghanistan
Lockwood,Olohan,lolohancp@microsoft.com,female,Mexico
Sybilla,Muzzollo,smuzzollocq@prnewswire.com,male,Indonesia
Monte,Blackmore,mblackmorecr@is.gd,female,China
Lenci,Whitty,lwhittycs@squarespace.com,female,Kiribati
Rania,Ambroziak,rambroziakct@hibu.com,male,Brazil
Alecia,Lomasny,alomasnycu@weebly.com,female,Israel
Lucila,Petrik,lpetrikcv@theguardian.com,male,Russia
Irving,Giveen,igiveencw@prweb.com,female,Yemen
Gerhardt,Beazey,gbeazeycx@mozilla.org,male,Indonesia
Madelon,Wybern,mwyberncy@baidu.com,male,Russia
Leroi,Lozano,llozanocz@disqus.com,male,Ukraine
Spense,De Hoogh,sdehooghd0@wordpress.com,male,France
Arnaldo,Gateman,agatemand1@salon.com,male,Russia
Aurea,Grocock,agrocockd2@histats.com,male,Mongolia
Philis,Traite,ptraited3@discovery.com,male,Armenia
Hannie,Hail,hhaild4@facebook.com,female,Malaysia
Tessy,Hariot,thariotd5@foxnews.com,male,China
Gianni,Kissell,gkisselld6@illinois.edu,male,Russia
Klara,MacGaffey,kmacgaffeyd7@blogger.com,female,Cameroon
Sherill,De Bruyne,sdebruyned8@cam.ac.uk,female,Russia
Grata,Withrop,gwithropd9@engadget.com,female,Indonesia
Berenice,Putt,bputtda@dell.com,male,Brazil
Roberto,Rois,rroisdb@newsvine.com,female,Nigeria
Frederico,Josephs,fjosephsdc@joomla.org,female,Peru
Winni,Ripping,wrippingdd@csmonitor.com,female,China
Miltie,Astbery,mastberyde@yahoo.com,male,Poland
Cull,Mountstephen,cmountstephendf@accuweather.com,male,Ethiopia
Melosa,Siddall,msiddalldg@irs.gov,male,Russia
Sterling,Sehorsch,ssehorschdh@boston.com,male,Sweden
Dagny,Joincey,djoinceydi@va.gov,male,Botswana
Morgan,McLuckie,mmcluckiedj@wufoo.com,male,Brazil
Caz,Dennert,cdennertdk@netscape.com,female,Serbia
Lilla,Gronw,lgronwdl@cbslocal.com,male,Russia
Helaina,Pennini,hpenninidm@ow.ly,male,China
Ibby,Heynel,iheyneldn@opensource.org,male,Russia
Carlina,Whylie,cwhyliedo@rakuten.co.jp,female,Guatemala
Rosmunda,Drewry,rdrewrydp@delicious.com,female,Poland
Ulrika,Cayle,ucayledq@networkadvertising.org,female,China
Bernelle,Stowte,bstowtedr@census.gov,female,Bulgaria
Dinnie,Chuter,dchuterds@mit.edu,female,China
Gabrila,Winterbottom,gwinterbottomdt@wired.com,female,New Zealand
Ty,Heatley,theatleydu@kickstarter.com,male,Mauritania
Erasmus,Burehill,eburehilldv@behance.net,male,French Polynesia
Forester,Felstead,ffelsteaddw@prweb.com,female,Peru
Letta,Borgnol,lborgnoldx@ftc.gov,female,China
Coraline,Dosdale,cdosdaledy@usnews.com,male,South Sudan
Terri,Wedon,twedondz@networkadvertising.org,male,Canada
Denni,Discombe,ddiscombee0@harvard.edu,female,Indonesia
Bordy,Folbigg,bfolbigge1@quantcast.com,female,Russia
Jerrilyn,Chiese,jchiesee2@jugem.jp,female,Czech Republic
Teodoor,Wozencroft,twozencrofte3@imgur.com,male,Indonesia
Robinett,Padberry,rpadberrye4@mail.ru,male,Ireland
Ilka,Cloney,icloneye5@marketwatch.com,female,Japan
Marabel,Thaxter,mthaxtere6@4shared.com,male,Russia
Tiffie,Judgkins,tjudgkinse7@netscape.com,female,Philippines
Leeanne,Oloshkin,loloshkine8@parallels.com,male,Philippines
Wang,Goatman,wgoatmane9@netscape.com,male,Indonesia
Shurwood,Patridge,spatridgeea@wunderground.com,female,China
Valaria,Frawley,vfrawleyeb@kickstarter.com,female,Indonesia
Brooke,Pallatina,bpallatinaec@timesonline.co.uk,female,Brazil
Holly-anne,Winpenny,hwinpennyed@arstechnica.com,male,Czech Republic
Adriana,Rawson,arawsonee@princeton.edu,female,China
Teena,Arundel,tarundelef@who.int,female,Russia
Fianna,Yexley,fyexleyeg@seesaa.net,female,Austria
Boris,Follis,bfolliseh@utexas.edu,female,Malaysia
Elroy,Thal,ethalei@biglobe.ne.jp,male,Macedonia
Clair,Goult,cgoultej@china.com.cn,male,China
Gustave,Soppitt,gsoppittek@ft.com,male,China
Andras,Sharrier,asharrierel@bloglovin.com,male,France
Tania,Kops,tkopsem@wsj.com,female,Czech Republic
Lorna,Tonry,ltonryen@nytimes.com,male,Swaziland
Drugi,Charlesworth,dcharleswortheo@senate.gov,female,Poland
Dougie,Stothert,dstothertep@bluehost.com,female,Philippines
Wyndham,Dorwood,wdorwoodeq@soundcloud.com,male,Palestinian Territory
Hildegarde,McCoughan,hmccoughaner@weather.com,female,Canada
Corilla,Stoaks,cstoakses@nationalgeographic.com,female,Ireland
Jeremy,Zealy,jzealyet@blog.com,male,Philippines
Vergil,Prandini,vprandinieu@squidoo.com,male,Honduras
Rozalie,Follit,rfollitev@linkedin.com,female,Greece
Lynnelle,Brookes,lbrookesew@skyrock.com,male,Russia
Wainwright,Ingyon,wingyonex@gov.uk,female,Nigeria
Ricca,Stoven,rstoveney@umn.edu,male,France
Silas,Hallede,shalledeez@exblog.jp,male,Malaysia
Melina,Leatherborrow,mleatherborrowf0@vistaprint.com,female,Belarus
Karia,Loudiane,kloudianef1@wufoo.com,female,Ivory Coast
Jessa,Speariett,jspeariettf2@de.vu,male,Mexico
Teresina,Blowfelde,tblowfeldef3@cmu.edu,male,Japan
Allegra,Fendley,afendleyf4@vinaora.com,female,Colombia
Ashley,Ingleton,aingletonf5@usgs.gov,female,China
Brandais,McGraw,bmcgrawf6@google.com.hk,male,China
Bunny,Solomonides,bsolomonidesf7@icio.us,female,Indonesia
Wallis,Durnall,wdurnallf8@spotify.com,female,China
Kilian,Minchi,kminchif9@networkadvertising.org,female,China
Revkah,Gorrissen,rgorrissenfa@arstechnica.com,female,Indonesia
Christoforo,Gruszczak,cgruszczakfb@berkeley.edu,female,Peru
Gus,McTerlagh,gmcterlaghfc@upenn.edu,female,Armenia
Eleanor,Cumber,ecumberfd@feedburner.com,female,Zimbabwe
Kort,Moyler,kmoylerfe@wix.com,male,France
Norri,Snewin,nsnewinff@mlb.com,female,China
Sarge,Syphus,ssyphusfg@globo.com,female,China
Murry,Emerine,memerinefh@soup.io,male,Argentina
Veriee,Trunks,vtrunksfi@businessweek.com,female,Kazakhstan
Merry,McQuade,mmcquadefj@nasa.gov,male,Poland
Jarvis,Willshere,jwillsherefk@comcast.net,female,China
Dudley,Cowser,dcowserfl@timesonline.co.uk,male,Czech Republic
Merrie,Ginity,mginityfm@va.gov,male,China
Amos,Padell,apadellfn@army.mil,male,Indonesia
Brannon,Satyford,bsatyfordfo@godaddy.com,male,Montenegro
Dal,Reilly,dreillyfp@google.com.au,female,France
Tucky,Joseff,tjosefffq@nydailynews.com,female,Slovenia
Murielle,Byrch,mbyrchfr@ucsd.edu,male,China
Mickey,Dawkins,mdawkinsfs@examiner.com,male,Philippines
Maud,Tolchar,mtolcharft@go.com,female,Sweden
Mareah,Adamczewski,madamczewskifu@wordpress.com,male,Morocco
Krishnah,Gue,kguefv@harvard.edu,female,Colombia
Urbanus,Smeaton,usmeatonfw@google.it,male,Indonesia
Pat,Hazelby,phazelbyfx@ustream.tv,male,Russia
Shanta,Alpes,salpesfy@microsoft.com,female,Latvia
Anderson,Osman,aosmanfz@accuweather.com,female,Laos
Gabriel,Cosford,gcosfordg0@ftc.gov,female,Canada
Brod,Corney,bcorneyg1@so-net.ne.jp,female,China
Norry,Foucar,nfoucarg2@vinaora.com,male,China
Blake,Giacomasso,bgiacomassog3@jalbum.net,male,Indonesia
Harlen,Ciubutaro,hciubutarog4@imdb.com,female,Philippines
Marti,Balas,mbalasg5@flavors.me,female,Malaysia
Ciro,Wildish,cwildishg6@theguardian.com,male,China
Ernestus,Hryskiewicz,ehryskiewiczg7@stanford.edu,male,Jamaica
Tucky,Tabourel,ttabourelg8@example.com,female,France
Karoly,Mufford,kmuffordg9@patch.com,female,Argentina
Antoine,Iacovino,aiacovinoga@xrea.com,male,Thailand
Peterus,Saban,psabangb@howstuffworks.com,female,China
Dallon,Serck,dserckgc@apache.org,male,Honduras
Emmy,Brickett,ebrickettgd@opera.com,male,Portugal
Ebeneser,Creak,ecreakge@wired.com,male,Bangladesh
Artair,Carvil,acarvilgf@amazon.com,female,Malaysia
Binni,Igglesden,bigglesdengg@blinklist.com,female,China
Cyrillus,Ranking,crankinggh@macromedia.com,female,United States
Heather,Purvess,hpurvessgi@engadget.com,female,China
Lyman,Dalston,ldalstongj@vinaora.com,female,Palestinian Territory
Rutledge,Berrill,rberrillgk@opensource.org,female,United States
Candis,Shaul,cshaulgl@msn.com,male,United States
Deeyn,MacAlaster,dmacalastergm@deviantart.com,male,Poland
Meier,Sommerled,msommerledgn@stumbleupon.com,male,Poland
Romeo,Tabbitt,rtabbittgo@smh.com.au,male,Tunisia
Aloysia,Costello,acostellogp@storify.com,female,China
Carny,Grzegorzewski,cgrzegorzewskigq@oaic.gov.au,male,Argentina
Ferrel,Casper,fcaspergr@clickbank.net,female,Niger
Desi,Rigbye,drigbyegs@storify.com,male,Yemen
Xavier,Bevens,xbevensgt@microsoft.com,female,Indonesia
Mortimer,Spaunton,mspauntongu@howstuffworks.com,female,Indonesia
Margaret,Belvard,mbelvardgv@state.gov,male,Indonesia
Lila,Simioli,lsimioligw@e-recht24.de,male,Indonesia
Pebrook,Emslie,pemsliegx@cbc.ca,female,Nicaragua
Ellwood,Kearey,ekeareygy@ibm.com,female,Venezuela
Moises,Voff,mvoffgz@spotify.com,male,Peru
Noellyn,Shailer,nshailerh0@purevolume.com,female,Czech Republic
Berrie,Putt,bputth1@meetup.com,female,Guyana
Minnie,Pierpoint,mpierpointh2@w3.org,female,Mexico
Stanton,Daveran,sdaveranh3@google.ca,female,Brazil
Norri,Pattemore,npattemoreh4@simplemachines.org,female,Russia
Aguie,Josefsen,ajosefsenh5@usgs.gov,female,Azerbaijan
Patsy,Ofener,pofenerh6@fda.gov,female,France
Jacky,Trewett,jtrewetth7@slate.com,male,Brazil
Gorden,Garlett,ggarletth8@wufoo.com,female,Thailand
Bryana,Springtorpe,bspringtorpeh9@google.fr,female,Finland
Alonso,Lawrance,alawranceha@reverbnation.com,female,Indonesia
Rupert,Gallie,rgalliehb@goo.gl,male,Lithuania
Pace,Armitage,parmitagehc@jiathis.com,female,Cuba
Khalil,D'Souza,kdsouzahd@weibo.com,male,Serbia
Forbes,Payze,fpayzehe@unblog.fr,male,Indonesia
Derry,Rollin,drollinhf@etsy.com,male,China
Jerad,Eglese,jeglesehg@tinypic.com,female,Portugal
Care,Astupenas,castupenashh@surveymonkey.com,male,China
Aubert,Borton,abortonhi@newsvine.com,male,Thailand
Clayson,Leas,cleashj@newyorker.com,male,United States
Krysta,Voak,kvoakhk@naver.com,female,Jordan
Danita,Delaney,ddelaneyhl@dmoz.org,female,Iran
Rani,Matignon,rmatignonhm@guardian.co.uk,male,Greece
Jameson,Pedley,jpedleyhn@csmonitor.com,female,China
Beckie,Pacher,bpacherho@sphinn.com,female,Hungary
Branden,Tupp,btupphp@naver.com,female,Peru
Isidora,Durning,idurninghq@si.edu,female,Czech Republic
Julienne,Mc Mechan,jmcmechanhr@google.co.jp,male,Indonesia
Mag,Scaplehorn,mscaplehornhs@ibm.com,male,Poland
Farica,Lutzmann,flutzmannht@tinyurl.com,female,Mongolia
Fremont,Liddiard,fliddiardhu@acquirethisname.com,male,Mongolia
Syd,Lingfoot,slingfoothv@photobucket.com,female,Brazil
Gayleen,Scarlon,gscarlonhw@europa.eu,male,China
Livia,MacCrossan,lmaccrossanhx@boston.com,female,Mexico
Stormie,Chateau,schateauhy@theatlantic.com,male,Russia
Tonye,Ranner,trannerhz@php.net,male,Brazil
Onida,Denmead,odenmeadi0@shutterfly.com,female,Philippines
Virgina,Corssen,vcorsseni1@reuters.com,male,Spain
Dru,Bullier,dbullieri2@hexun.com,female,Colombia
Whitney,Epilet,wepileti3@ameblo.jp,male,China
Lawry,Agar,lagari4@bluehost.com,male,Reunion
Marci,Marten,mmarteni5@miibeian.gov.cn,female,China
Carmencita,Kench,ckenchi6@youku.com,male,Thailand
Cesare,Tytherton,ctythertoni7@lulu.com,female,Cuba
Lindsey,Inch,linchi8@time.com,female,Indonesia
Virginia,Richfield,vrichfieldi9@tinyurl.com,male,China
Megen,Proud,mproudia@statcounter.com,male,China
Vannie,Plane,vplaneib@nps.gov,female,China
Melisa,Ferre,mferreic@stumbleupon.com,female,Greece
Gabriel,Collier,gcollierid@t-online.de,male,France
Nessy,Edwinson,nedwinsonie@fotki.com,female,Indonesia
Brita,Stegel,bstegelif@cbsnews.com,male,Norway
Tabbatha,Wagg,twaggig@pbs.org,male,Russia
Gris,Shorten,gshortenih@home.pl,male,Mexico
Benn,Waldram,bwaldramii@e-recht24.de,male,China
Curran,Obeney,cobeneyij@smh.com.au,female,Indonesia
Trent,Georgievski,tgeorgievskiik@nationalgeographic.com,male,Honduras
Joachim,Esplin,jesplinil@virginia.edu,female,Argentina
Nana,Klammt,nklammtim@oracle.com,female,Czech Republic
Gaven,Juanico,gjuanicoin@arizona.edu,male,Brazil
Hester,Lawson,hlawsonio@dion.ne.jp,female,France
Mateo,Whittlesea,mwhittleseaip@techcrunch.com,male,Indonesia
Merrie,Pasterfield,mpasterfieldiq@adobe.com,male,China
Lindsay,Clarey,lclareyir@phpbb.com,female,Indonesia
Berkie,Beneyto,bbeneytois@cmu.edu,male,China
Karmen,Tineman,ktinemanit@amazonaws.com,male,China
Giuditta,Vear,gveariu@goodreads.com,female,Sweden
Creigh,Dyke,cdykeiv@smugmug.com,male,Estonia
Arlen,Cescot,acescotiw@mac.com,female,Albania
Brunhilda,Coney,bconeyix@forbes.com,male,Indonesia
Orbadiah,Coaster,ocoasteriy@chicagotribune.com,female,Senegal
Kandace,Medmore,kmedmoreiz@chicagotribune.com,male,Montenegro
Simone,Scandrite,sscandritej0@berkeley.edu,male,Nigeria
Babbette,Abramowsky,babramowskyj1@google.de,female,China
Simon,Wilkowski,swilkowskij2@e-recht24.de,male,Ukraine
Bucky,Blanque,bblanquej3@oracle.com,female,Philippines
Dara,Barukh,dbarukhj4@miitbeian.gov.cn,female,China
Linda,Stocky,lstockyj5@apache.org,female,China
Kaia,Garaway,kgarawayj6@freewebs.com,male,Canada
Darleen,Kunisch,dkunischj7@wiley.com,male,China
Ferdinande,Reuben,freubenj8@over-blog.com,female,China
Darelle,Glas,dglasj9@netscape.com,female,France
Jaymie,Marcham,jmarchamja@barnesandnoble.com,male,El Salvador
Adan,Skeates,askeatesjb@economist.com,female,Indonesia
Darcy,Laidler,dlaidlerjc@youtube.com,male,Brazil
Erda,McIvor,emcivorjd@odnoklassniki.ru,male,Russia
Easter,Terbruggen,eterbruggenje@1und1.de,male,Philippines
Eileen,Wloch,ewlochjf@slideshare.net,female,Philippines
Ellis,Blase,eblasejg@mapy.cz,female,China
Maje,Kanzler,mkanzlerjh@go.com,male,Indonesia
Thorstein,Dingle,tdingleji@examiner.com,male,United States
Derick,Lindner,dlindnerjj@nydailynews.com,male,Philippines
Rania,Crowche,rcrowchejk@technorati.com,male,China
Delores,Strass,dstrassjl@kickstarter.com,male,Colombia
Tomas,Lipp,tlippjm@google.nl,male,Greece
Leeanne,Goligher,lgoligherjn@myspace.com,female,Argentina
Corissa,Gornar,cgornarjo@japanpost.jp,female,China
Sandy,Merritt,smerrittjp@deliciousdays.com,male,Brazil
Ingeborg,Esslement,iesslementjq@dmoz.org,male,Indonesia
Shae,Henighan,shenighanjr@eventbrite.com,female,China
Virgil,Valero,vvalerojs@amazon.com,male,Indonesia
Conant,Kellaway,ckellawayjt@prlog.org,female,China
Timoteo,Avraham,tavrahamju@php.net,female,Sweden
Gabe,Brands,gbrandsjv@bbb.org,male,Costa Rica
Urbain,Gabbidon,ugabbidonjw@naver.com,female,Argentina
Dolly,Losseljong,dlosseljongjx@icio.us,female,Czech Republic
Clarisse,Cuerdall,ccuerdalljy@wsj.com,female,France
Rustin,Gratten,rgrattenjz@hao123.com,female,China
Laurella,Anten,lantenk0@tiny.cc,female,Tajikistan
Charlotte,Gofton,cgoftonk1@ed.gov,male,China
Theresa,McLay,tmclayk2@illinois.edu,male,Brazil
Murdock,Kembry,mkembryk3@disqus.com,female,Kazakhstan
Gordy,Trevains,gtrevainsk4@bloglovin.com,male,Venezuela
Missie,Rucklidge,mrucklidgek5@fotki.com,female,Japan
Sandye,Looby,sloobyk6@aboutads.info,male,Palestinian Territory
Lauraine,Bousquet,lbousquetk7@diigo.com,male,China
Eberto,Luckin,eluckink8@mapquest.com,male,Japan
Ange,Kittles,akittlesk9@washingtonpost.com,female,Russia
Darren,Dunsire,ddunsireka@xinhuanet.com,male,China
Shurlock,Quemby,squembykb@plala.or.jp,male,Colombia
Wendeline,Lutty,wluttykc@weather.com,male,Brazil
Herbert,Durrans,hdurranskd@google.ru,female,China
Gorden,Bradburne,gbradburneke@ycombinator.com,female,Portugal
Devin,Baterip,dbateripkf@bloglines.com,female,Morocco
Kasper,Chatain,kchatainkg@theguardian.com,male,China
Sutherland,Snowball,ssnowballkh@a8.net,female,Colombia
Walden,Toppes,wtoppeski@amazon.com,male,Haiti
Ottilie,Garrattley,ogarrattleykj@networksolutions.com,female,Sweden
Daffie,Grice,dgricekk@wordpress.org,female,Russia
Stanley,Iacobo,siacobokl@sohu.com,female,Japan
Emmett,Geach,egeachkm@dell.com,male,Finland
Guenna,Deschlein,gdeschleinkn@disqus.com,male,United States
Pavel,Sibyllina,psibyllinako@cnet.com,male,Bosnia and Herzegovina
Ava,Fuchs,afuchskp@cam.ac.uk,female,Philippines
Carolann,Northcliffe,cnorthcliffekq@blog.com,male,Vietnam
Shelton,Bussey,sbusseykr@sphinn.com,female,Thailand
Jobyna,Argontt,jargonttks@microsoft.com,female,Brazil
Miriam,Emer,memerkt@github.com,female,Russia
Margaux,Wilber,mwilberku@miibeian.gov.cn,male,Mexico
Wren,Ridding,wriddingkv@wordpress.com,male,China
Guendolen,Minifie,gminifiekw@ca.gov,male,Peru
Barrie,Valance,bvalancekx@networksolutions.com,male,Indonesia
Johnathon,McGray,jmcgrayky@usatoday.com,male,China
Pattie,Hedden,pheddenkz@marketwatch.com,female,Greece
Adiana,Lightbourn,alightbournl0@gizmodo.com,male,Yemen
Antonia,Girkin,agirkinl1@shutterfly.com,female,China
Keslie,Bolsover,kbolsoverl2@virginia.edu,male,China
Barty,Seacombe,bseacombel3@ucla.edu,male,China
Karyl,Bow,kbowl4@i2i.jp,female,Armenia
Gwendolen,Shingler,gshinglerl5@theguardian.com,female,China
Marylinda,Pristnor,mpristnorl6@photobucket.com,male,Poland
Joelle,Sills,jsillsl7@nature.com,female,Canada
Cloris,Mirrlees,cmirrleesl8@usnews.com,female,United States
Janel,Feore,jfeorel9@flavors.me,female,China
Tootsie,Swayton,tswaytonla@seattletimes.com,male,Brazil
Tessie,Dorber,tdorberlb@alexa.com,female,China
Meghann,Dunsire,mdunsirelc@chron.com,female,China
Joela,Schoolfield,jschoolfieldld@prlog.org,female,Philippines
Toddy,Manuel,tmanuelle@twitpic.com,male,France
Pierre,Blasiak,pblasiaklf@deviantart.com,male,Indonesia
Brew,Thow,bthowlg@lycos.com,female,China
Katrina,Addy,kaddylh@yahoo.com,female,Colombia
Jana,Banbrick,jbanbrickli@independent.co.uk,female,Greece
Dinnie,Dows,ddowslj@xrea.com,female,Poland
Fabien,Piletic,fpileticlk@pbs.org,female,Japan
Currey,Gronous,cgronousll@gizmodo.com,female,China
Hodge,Kennady,hkennadylm@auda.org.au,female,Indonesia
Berky,Swatradge,bswatradgeln@thetimes.co.uk,female,Indonesia
Cirilo,Bushell,cbushelllo@pcworld.com,female,Indonesia
Sabrina,Sproul,ssproullp@hatena.ne.jp,female,China
Jayne,Gallard,jgallardlq@mapquest.com,male,China
Nigel,McKag,nmckaglr@scribd.com,female,France
Rosetta,Clemoes,rclemoesls@telegraph.co.uk,female,Sweden
Nellie,Burnet,nburnetlt@senate.gov,male,Indonesia
Errick,Standon,estandonlu@flickr.com,male,Portugal
Annelise,Lacroux,alacrouxlv@ustream.tv,male,Colombia
Stesha,O'Hara,soharalw@pinterest.com,male,China
Barris,Braybrooke,bbraybrookelx@fotki.com,male,Russia
Ailyn,Titcumb,atitcumbly@imgur.com,female,China
Peggie,McDirmid,pmcdirmidlz@amazon.co.jp,female,Albania
Chickie,Abisetti,cabisettim0@tumblr.com,female,Russia
Locke,Bowler,lbowlerm1@utexas.edu,female,Portugal
Tera,Hundal,thundalm2@quantcast.com,male,China
Adolphus,Bourcq,abourcqm3@shareasale.com,male,Saudi Arabia
Shelley,Urey,sureym4@senate.gov,male,Peru
Demetri,Damerell,ddamerellm5@squidoo.com,male,Iran
Pepita,Dorber,pdorberm6@squarespace.com,male,Indonesia
Jeff,Gotobed,jgotobedm7@dyndns.org,female,Colombia
Evered,Westgate,ewestgatem8@com.com,female,Nicaragua
Francyne,Thompsett,fthompsettm9@360.cn,female,Peru
Kaspar,Godley,kgodleyma@dot.gov,female,Russia
Bevon,Gillis,bgillismb@hhs.gov,female,Luxembourg
Nap,Cella,ncellamc@eepurl.com,male,China
Minni,Winborn,mwinbornmd@so-net.ne.jp,female,Indonesia
Violetta,Scrimshaw,vscrimshawme@deliciousdays.com,male,Argentina
Caterina,Ragbourn,cragbournmf@prlog.org,female,France
Zea,Birwhistle,zbirwhistlemg@jalbum.net,male,Poland
Tiffani,Bygrave,tbygravemh@hhs.gov,male,Argentina
Shanna,Cosgrive,scosgrivemi@bing.com,male,United States
Pen,Sporner,pspornermj@geocities.com,female,China
Antony,Tangye,atangyemk@webmd.com,male,Cameroon
Celinka,Talton,ctaltonml@so-net.ne.jp,male,China
Lyn,Gilbody,lgilbodymm@w3.org,female,Sweden
Jaimie,Jeschner,jjeschnermn@boston.com,female,Croatia
Miles,Benaine,mbenainemo@msn.com,female,Benin
Conchita,O'Doghesty,codoghestymp@github.io,female,Sweden
Bert,Dran,bdranmq@pcworld.com,male,Chad
Anette,Cristoferi,acristoferimr@msu.edu,female,Serbia
Vince,Pottle,vpottlems@buzzfeed.com,male,Japan
Gabby,Sayers,gsayersmt@disqus.com,female,Russia
Lizzy,Denness,ldennessmu@sogou.com,female,Portugal
Rina,Corrett,rcorrettmv@tmall.com,male,Russia
Caron,Camous,ccamousmw@goo.ne.jp,female,France
Redd,Limmer,rlimmermx@amazon.co.jp,male,France
Carolynn,Benzing,cbenzingmy@newyorker.com,male,Malta
Boris,Doe,bdoemz@google.ca,female,Sweden
Correy,Leate,cleaten0@ebay.com,male,China
Eve,Colquit,ecolquitn1@npr.org,female,Colombia
Lani,Collins,lcollinsn2@usda.gov,female,Poland
Kerk,Helis,khelisn3@cisco.com,male,Philippines
Ardelle,Cutbush,acutbushn4@mayoclinic.com,female,China
Merv,Skitch,mskitchn5@elegantthemes.com,female,Colombia
Bibbie,Pickthall,bpickthalln6@reference.com,female,Nigeria
Aguste,Splevings,asplevingsn7@sphinn.com,male,Sweden
Jade,Tomkowicz,jtomkowiczn8@xinhuanet.com,female,China
Drucill,Vella,dvellan9@webs.com,male,Indonesia
Harmonia,MacAless,hmacalessna@cnbc.com,male,Russia
Ben,Toma,btomanb@qq.com,male,France
Avictor,Kolak,akolaknc@vimeo.com,male,Indonesia
Felisha,Comiam,fcomiamnd@reference.com,female,Sweden
Euell,Sample,esamplene@oracle.com,female,Indonesia
Karlik,Beeble,kbeeblenf@fda.gov,female,China
Tanitansy,Bumpas,tbumpasng@vinaora.com,female,Russia
Joseito,Bruhn,jbruhnnh@ihg.com,male,China
Larissa,MacCafferty,lmaccaffertyni@auda.org.au,male,Peru
Ennis,Leather,eleathernj@ow.ly,male,Uzbekistan
Aviva,Lattka,alattkank@mysql.com,female,Mexico
Shanna,McGroarty,smcgroartynl@wunderground.com,male,China
Allissa,Date,adatenm@epa.gov,male,Russia
Delilah,Refford,dreffordnn@virginia.edu,female,China
Bearnard,Vlasyuk,bvlasyukno@earthlink.net,female,Brazil
Padraig,Tamas,ptamasnp@fastcompany.com,female,Thailand
Malva,Radleigh,mradleighnq@infoseek.co.jp,female,Russia
Sibeal,Raubheim,sraubheimnr@digg.com,male,Brazil
Darn,Slamaker,dslamakerns@eepurl.com,male,Portugal
Brier,Stede,bstedent@google.fr,female,Colombia
Rafaelia,Polye,rpolyenu@vkontakte.ru,male,China
Roslyn,Fant,rfantnv@last.fm,female,Poland
Nita,Blaylock,nblaylocknw@t.co,male,United Arab Emirates
Lezley,Grube,lgrubenx@chronoengine.com,male,Philippines
Gerrie,Jeandet,gjeandetny@taobao.com,male,China
Nolan,Laskey,nlaskeynz@alibaba.com,female,Colombia
Sher,Petrenko,spetrenkoo0@nymag.com,female,Poland
Emory,Piens,epienso1@hao123.com,male,China
Noella,Sone,nsoneo2@oaic.gov.au,male,Brazil
Gregoor,Lanaway,glanawayo3@vistaprint.com,male,China
Allan,Mottini,amottinio4@independent.co.uk,female,Indonesia
Cristal,Limeburner,climeburnero5@webmd.com,male,Brazil
Ambrosius,Bockler,abocklero6@amazon.de,male,Vietnam
Ugo,MacNeice,umacneiceo7@globo.com,male,Indonesia
Fredia,Dunford,fdunfordo8@histats.com,female,Madagascar
Jamil,Theakston,jtheakstono9@joomla.org,female,Mexico
Inger,Urey,iureyoa@scientificamerican.com,female,Syria
Kristo,Yeatman,kyeatmanob@cafepress.com,female,Angola
Mirabel,Thonason,mthonasonoc@washingtonpost.com,female,Taiwan
Arabella,Kadar,akadarod@slate.com,male,Czech Republic
Mindy,Wiley,mwileyoe@issuu.com,female,Russia
Mohandas,Wormell,mwormellof@walmart.com,female,China
Hadley,Kerins,hkerinsog@soundcloud.com,male,Nigeria
Field,Yurin,fyurinoh@weather.com,female,Russia
Ingram,Sagerson,isagersonoi@webeden.co.uk,female,Peru
Carr,Eley,celeyoj@berkeley.edu,female,Indonesia
Sallyanne,Kier,skierok@whitehouse.gov,female,Jamaica
Edyth,Gorrick,egorrickol@wordpress.com,female,Jordan
Brit,Goodanew,bgoodanewom@forbes.com,female,Indonesia
Sibel,Gladwell,sgladwellon@wikimedia.org,male,France
Patrizio,Edinboro,pedinborooo@oracle.com,female,Czech Republic
Evangeline,Kitlee,ekitleeop@skype.com,male,Indonesia
Murvyn,Murgatroyd,mmurgatroydoq@xing.com,male,Peru
Greggory,Vaskov,gvaskovor@scribd.com,male,Nigeria
Em,Coughlan,ecoughlanos@godaddy.com,male,Germany
Enrica,Ashbridge,eashbridgeot@hugedomains.com,male,Japan
Jeremiah,McGivena,jmcgivenaou@bizjournals.com,female,Ireland
Englebert,Dyett,edyettov@seattletimes.com,female,Russia
Nellie,Hebditch,nhebditchow@alexa.com,male,China
Arch,Greenstead,agreensteadox@hubpages.com,male,Russia
Thoma,Bezley,tbezleyoy@thetimes.co.uk,male,China
Abby,Morales,amoralesoz@tuttocitta.it,male,Madagascar
Blair,Rolance,brolancep0@phoca.cz,male,Japan
Myrtie,Schoales,mschoalesp1@cnbc.com,female,Poland
Denyse,Bartolic,dbartolicp2@tripod.com,female,China
Mireielle,Atcock,matcockp3@ebay.com,female,Sweden
Jorgan,Fazan,jfazanp4@angelfire.com,female,Qatar
Magdalena,Meynell,mmeynellp5@photobucket.com,female,Portugal
Oren,Yonnie,oyonniep6@flickr.com,male,Indonesia
Neils,McNern,nmcnernp7@sitemeter.com,male,Bosnia and Herzegovina
Joellen,Christophe,jchristophep8@salon.com,female,Japan
Florie,Kirrage,fkirragep9@springer.com,female,Poland
Rasia,Ruddlesden,rruddlesdenpa@cpanel.net,male,Brazil
Gilburt,Relton,greltonpb@cdc.gov,female,Brazil
Jacklyn,Gabbotts,jgabbottspc@redcross.org,female,Mexico
Gregor,Wardroper,gwardroperpd@yahoo.co.jp,male,French Polynesia
Matt,Saward,msawardpe@photobucket.com,male,Poland
Malissa,Pardey,mpardeypf@ezinearticles.com,female,China
Bianka,Aphale,baphalepg@wordpress.org,female,China
Bartholemy,Pidduck,bpidduckph@xrea.com,female,Pakistan
Shandee,Loddy,sloddypi@ted.com,male,China
Lonny,Farraway,lfarrawaypj@utexas.edu,male,Tajikistan
Neron,Stoffer,nstofferpk@theglobeandmail.com,male,Ethiopia
Reece,Vellden,rvelldenpl@harvard.edu,male,Mexico
Mignon,Godlonton,mgodlontonpm@ftc.gov,female,Indonesia
Martina,Tumioto,mtumiotopn@homestead.com,male,Thailand
Zondra,Mainson,zmainsonpo@noaa.gov,female,Bulgaria
Darci,Terney,dterneypp@deliciousdays.com,female,Philippines
Concordia,Sproson,csprosonpq@woothemes.com,female,Chile
Idelle,Priddie,ipriddiepr@illinois.edu,female,China
Paco,Cowans,pcowansps@example.com,female,Colombia
Bobinette,Toye,btoyept@yale.edu,female,Portugal
Caresse,Yeaman,cyeamanpu@ustream.tv,female,Norway
Ruthy,Gile,rgilepv@ezinearticles.com,male,Philippines
Ulberto,Henaughan,uhenaughanpw@eepurl.com,male,Russia
Louie,Ramelot,lramelotpx@upenn.edu,male,Russia
Baily,Ginnety,bginnetypy@accuweather.com,female,Indonesia
Thomasina,Corhard,tcorhardpz@amazon.com,female,Croatia
Kerk,Elland,kellandq0@51.la,male,China
Ruperto,Goodger,rgoodgerq1@cornell.edu,male,Chad
Gabrielle,Whittlesee,gwhittleseeq2@java.com,male,Russia
Gaelan,Alphege,galphegeq3@clickbank.net,male,Russia
Woodman,Jozwicki,wjozwickiq4@telegraph.co.uk,female,Brazil
Redd,Beetlestone,rbeetlestoneq5@prnewswire.com,female,Portugal
Elbertina,Bollam,ebollamq6@vimeo.com,female,Portugal
Kenton,Antrum,kantrumq7@bloglines.com,female,Philippines
Thayne,Kelemen,tkelemenq8@cisco.com,female,Iran
Arvie,Schriren,aschrirenq9@ning.com,female,Ivory Coast
Wandis,Hetterich,whetterichqa@youtube.com,male,Liberia
Hoebart,Coytes,hcoytesqb@huffingtonpost.com,male,Thailand
Lamond,Petrasch,lpetraschqc@state.tx.us,female,Luxembourg
Adelaida,Jahnel,ajahnelqd@barnesandnoble.com,male,Philippines
Briano,Traher,btraherqe@parallels.com,female,Japan
Jaimie,Iacovo,jiacovoqf@histats.com,female,Madagascar
Christophe,Dewing,cdewingqg@4shared.com,female,China
Lin,Deeming,ldeemingqh@taobao.com,male,Indonesia
Hannie,Tapenden,htapendenqi@comcast.net,male,Indonesia
Katheryn,Reade,kreadeqj@usnews.com,male,Ecuador
Felisha,Croysdale,fcroysdaleqk@foxnews.com,male,China
Collette,Wann,cwannql@dailymotion.com,female,Russia
Page,Boyen,pboyenqm@bloomberg.com,female,Slovenia
Tam,Reggiani,treggianiqn@sun.com,female,Sweden
Janka,Havoc,jhavocqo@theguardian.com,male,El Salvador
Carolynn,Grunnell,cgrunnellqp@fc2.com,male,Albania
Tiffie,Wurst,twurstqq@go.com,male,Indonesia
Raynell,Cartmer,rcartmerqr@marriott.com,male,Malaysia
Dawna,Goodfellow,dgoodfellowqs@cmu.edu,female,North Korea
Eadie,De Bischof,edebischofqt@ucla.edu,female,China
Lanita,By,lbyqu@webmd.com,female,China
Rorke,Darlow,rdarlowqv@delicious.com,male,Czech Republic
Zelda,Dollen,zdollenqw@list-manage.com,male,Russia
Kelcie,Constance,kconstanceqx@cbsnews.com,male,Indonesia
Gus,Fishburn,gfishburnqy@infoseek.co.jp,male,United Arab Emirates
Carlita,Minor,cminorqz@mashable.com,female,Egypt
Gerard,Tzuker,gtzukerr0@msu.edu,female,Honduras
Corissa,Casement,ccasementr1@globo.com,female,Indonesia
Lancelot,Draysey,ldrayseyr2@buzzfeed.com,female,Sweden
Sibylle,Ryce,srycer3@wordpress.com,female,China
Michail,Friedank,mfriedankr4@mapy.cz,female,Indonesia
Micheline,Loan,mloanr5@seattletimes.com,male,Poland
Trisha,Stallon,tstallonr6@merriam-webster.com,female,Belarus
Gretchen,Lancett,glancettr7@alibaba.com,male,China
Cicily,Anthoine,canthoiner8@bluehost.com,female,China
Ingra,Giveen,igiveenr9@xrea.com,female,Pakistan
Maxwell,Lofts,mloftsra@baidu.com,male,Poland
Andria,Sheppard,asheppardrb@tuttocitta.it,male,China
Kippar,Giacomini,kgiacominirc@nature.com,male,Portugal
Skell,Spellard,sspellardrd@ucsd.edu,female,Sweden
Valentia,Lamps,vlampsre@jigsy.com,male,China
Aloise,Coventry,acoventryrf@linkedin.com,male,Portugal
Elsey,Rimmington,erimmingtonrg@csmonitor.com,female,Russia
Ariella,Manjot,amanjotrh@timesonline.co.uk,female,Brazil
Oates,Patis,opatisri@amazon.de,female,Portugal
Michell,Hacquoil,mhacquoilrj@ucsd.edu,male,Indonesia
Ester,Hards,ehardsrk@twitter.com,female,Argentina
Hilarius,Bassett,hbassettrl@google.de,female,Kazakhstan
Ephrem,Maneylaws,emaneylawsrm@virginia.edu,female,China
Coriss,Seally,cseallyrn@networksolutions.com,male,Peru
Davy,Seery,dseeryro@biglobe.ne.jp,male,Mongolia
Claus,Comiam,ccomiamrp@odnoklassniki.ru,male,Venezuela
Wendie,Lethieulier,wlethieulierrq@blogtalkradio.com,female,Zambia
Rolfe,Cruess,rcruessrr@ibm.com,female,Philippines
