Essie,Mutch,emutch0@istockphoto.com,male,Vietnam
Valli,Cota,vcota1@wix.com,male,Portugal
Damian,Heady,dheady2@w3.org,male,Portugal
Roberta,Towhey,rtowhey3@unicef.org,female,China
Hurleigh,Melding,hmelding4@census.gov,male,Thailand
Jennette,Aleso,jaleso5@mediafire.com,male,Moldova
Rolland,Roseburgh,rroseburgh6@dailymotion.com,female,Thailand
Joy,Whittier,jwhittier7@newsvine.com,male,Philippines
Franni,Tubridy,ftubridy8@theatlantic.com,male,Finland
Arnuad,Darrel,adarrel9@paginegialle.it,male,Brazil
Willie,Sibley,wsibleya@goodreads.com,female,China
Wells,Wadesworth,wwadesworthb@telegraph.co.uk,male,Portugal
Temple,Corstan,tcorstanc@so-net.ne.jp,male,Portugal
Ferdinand,Hinckes,fhinckesd@godaddy.com,male,South Africa
Shaun,Dealtry,sdealtrye@furl.net,male,Ireland
Haily,Camin,hcaminf@mysql.com,female,Sweden
Jemmy,Luca,jlucag@about.com,male,Indonesia
Caterina,Petroulis,cpetroulish@prlog.org,female,Sweden
Dorian,Ixer,dixeri@chicagotribune.com,male,Indonesia
Aleta,Limpertz,alimpertzj@imdb.com,female,New Zealand
Michaeline,Usher,musherk@1688.com,female,Philippines
Sonnnie,MacRanald,smacranaldl@bravesites.com,female,Ukraine
Kerwin,Temblett,ktemblettm@liveinternet.ru,male,Japan
Karlen,Breedy,kbreedyn@reddit.com,male,Indonesia
Ottilie,Fiddiman,ofiddimano@arstechnica.com,female,Colombia
Ty,Casero,tcaserop@com.com,female,China
Alfi,Chivers,achiversq@netlog.com,female,United States
Hodge,Escale,hescaler@admin.ch,female,Philippines
Ignacio,Grishakin,igrishakins@blog.com,female,China
Marianne,Blockwell,mblockwellt@google.com.br,male,Mongolia
Jarret,De Gowe,jdegoweu@usda.gov,female,Portugal
Rakel,Claypool,rclaypoolv@accuweather.com,female,United States
Dannye,Ackland,dacklandw@geocities.com,male,China
Esta,Dwine,edwinex@msu.edu,female,China
Carlin,Mackney,cmackneyy@yale.edu,male,Peru
Jeralee,Really,jreallyz@bizjournals.com,female,Vietnam
Susy,Bothie,sbothie10@furl.net,female,Sweden
Cecilla,Pocklington,cpocklington11@skyrock.com,female,Russia
Kata,Glaze,kglaze12@elpais.com,male,China
Gabrielle,Longstaffe,glongstaffe13@over-blog.com,female,Indonesia
Pavia,Petegre,ppetegre14@cyberchimps.com,female,Indonesia
Kizzee,Dibben,kdibben15@list-manage.com,female,China
Amelina,Dziwisz,adziwisz16@cbslocal.com,male,Portugal
Bobbe,Filisov,bfilisov17@imageshack.us,male,Albania
Carline,Bicksteth,cbicksteth18@patch.com,male,China
Agnese,Prandoni,aprandoni19@newyorker.com,male,Russia
Dana,Yackiminie,dyackiminie1a@vinaora.com,female,Indonesia
Maggie,Depper,mdepper1b@scientificamerican.com,male,Indonesia
Isis,Owttrim,iowttrim1c@alibaba.com,male,Philippines
Nari,Gascoigne,ngascoigne1d@networkadvertising.org,female,Vietnam
Hayley,Ridler,hridler1e@ucoz.com,female,Russia
Tiffany,Charles,tcharles1f@dion.ne.jp,male,Moldova
Micheil,Dealey,mdealey1g@tinyurl.com,male,Philippines
Arielle,Lindores,alindores1h@reddit.com,female,Colombia
Vaclav,Claypole,vclaypole1i@elegantthemes.com,male,Bahrain
Casie,Childrens,cchildrens1j@mtv.com,male,Pakistan
Vanny,Britch,vbritch1k@apple.com,female,China
Baxy,Clemmitt,bclemmitt1m@statcounter.com,male,Russia
Pearl,McIlwain,pmcilwain1n@devhub.com,male,Indonesia
Hadrian,Downage,hdownage1o@nydailynews.com,male,France
Winne,Skoyles,wskoyles1p@about.me,male,China
Zenia,Gooden,zgooden1q@shutterfly.com,female,United States
Burk,Billsberry,bbillsberry1r@studiopress.com,female,Poland
Gerardo,Hiom,ghiom1s@is.gd,male,France
Jules,Biddell,jbiddell1t@purevolume.com,male,China
Judie,Kencott,jkencott1u@printfriendly.com,male,Indonesia
Paulita,Brittin,pbrittin1v@furl.net,female,Indonesia
Albina,Cearley,acearley1w@intel.com,female,Japan
Garwood,Barlace,gbarlace1x@sourceforge.net,male,Indonesia
Jo,Delagua,jdelagua1y@php.net,female,Philippines
Spike,Ervine,servine1z@craigslist.org,female,Georgia
Othello,Lovel,olovel20@vistaprint.com,female,Jordan
Lyssa,Molnar,lmolnar21@blogs.com,female,Russia
Jeannine,Muckloe,jmuckloe22@cnet.com,female,China
Kari,Rodwell,krodwell23@whitehouse.gov,female,China
Byrann,Readitt,breaditt24@csmonitor.com,female,China
Maegan,Renneke,mrenneke25@networkadvertising.org,male,China
Tadeo,Macbeth,tmacbeth26@blogspot.com,male,China
Donetta,Asif,dasif27@youtube.com,male,Germany
Georges,Cordaroy,gcordaroy28@pbs.org,male,Bolivia
Wain,Giurio,wgiurio29@youtu.be,male,China
Sauncho,Temperton,stemperton2a@auda.org.au,female,Bulgaria
Opal,Eisenberg,oeisenberg2b@liveinternet.ru,female,China
Tamarah,Tassell,ttassell2c@sourceforge.net,male,China
Janis,Roback,jroback2d@earthlink.net,female,Argentina
Xever,Overton,xoverton2e@theguardian.com,male,Sweden
Morna,Luis,mluis2f@g.co,female,Pakistan
Cairistiona,Aldous,caldous2g@hostgator.com,female,France
Deerdre,Neely,dneely2h@biblegateway.com,male,Peru
Barde,Ricciardelli,bricciardelli2i@cnet.com,female,China
Christyna,Chaldecott,cchaldecott2j@woothemes.com,male,Portugal
Wendeline,Grosvener,wgrosvener2k@photobucket.com,female,Argentina
Witty,Aggas,waggas2l@networkadvertising.org,female,Serbia
Barri,Iacopini,biacopini2m@usatoday.com,male,Senegal
Kerrie,Swaine,kswaine2n@washingtonpost.com,male,Afghanistan
Brendin,Burtwhistle,bburtwhistle2o@hhs.gov,female,Sweden
Sally,Olyonov,solyonov2p@epa.gov,female,Russia
Pollyanna,Southern,psouthern2q@last.fm,male,Portugal
Scotty,Boulstridge,sboulstridge2r@symantec.com,male,China
Sheeree,Connock,sconnock2s@gravatar.com,female,Myanmar
Jase,McDonnell,jmcdonnell2t@wisc.edu,male,Albania
Shelton,Jewise,sjewise2u@amazonaws.com,female,Lithuania
June,McSkeagan,jmcskeagan2v@wikipedia.org,female,Japan
Domini,De Blasiis,ddeblasiis2w@sakura.ne.jp,female,Costa Rica
Felicio,Postle,fpostle2x@aboutads.info,male,China
Rakel,Balfe,rbalfe2y@google.nl,female,China
Antonin,McKeating,amckeating2z@google.pl,male,Bosnia and Herzegovina
Kyle,Angless,kangless30@ted.com,male,Portugal
Tracie,Agott,tagott31@go.com,female,Hungary
Gertie,Robertson,grobertson32@topsy.com,female,Greece
Freddi,Errichiello,ferrichiello33@google.co.uk,female,China
Nollie,Reddecliffe,nreddecliffe34@sphinn.com,male,Swaziland
Anabelle,Larkcum,alarkcum35@vk.com,female,Indonesia
Idell,Bovaird,ibovaird36@abc.net.au,male,China
Olag,Larrie,olarrie37@youku.com,female,Japan
Mortie,Alday,malday38@photobucket.com,female,China
Kala,Bowhey,kbowhey39@360.cn,male,Peru
Stephanie,Glasser,sglasser3a@elegantthemes.com,male,Brazil
Shaw,Liggins,sliggins3b@wired.com,male,Indonesia
Aaron,Dorbin,adorbin3c@w3.org,male,Iran
Arel,Tinston,atinston3d@gnu.org,male,China
Lay,Aldam,laldam3e@mit.edu,male,China
Janith,Gilbert,jgilbert3f@360.cn,male,China
Herschel,Matias,hmatias3g@globo.com,female,Sweden
Prentiss,Pilkinton,ppilkinton3h@xing.com,female,Portugal
Alard,Suffe,asuffe3i@ucoz.ru,male,China
Richy,Takos,rtakos3j@discuz.net,female,Portugal
Zebulon,McGoldrick,zmcgoldrick3k@thetimes.co.uk,female,Thailand
Dorette,Chisnell,dchisnell3l@last.fm,female,Thailand
Sonnnie,Grishaev,sgrishaev3m@aol.com,female,Philippines
Tobit,Aiton,taiton3n@zdnet.com,female,Indonesia
Blanche,Lamblot,blamblot3o@comsenz.com,male,Lithuania
Pammy,Croyser,pcroyser3p@delicious.com,female,Indonesia
Spence,Cammack,scammack3q@goo.gl,male,Sudan
Fiann,Devorill,fdevorill3r@xinhuanet.com,female,Botswana
Marthe,Speed,mspeed3s@state.gov,female,Russia
Zachary,Sarrell,zsarrell3t@dedecms.com,female,China
Easter,Patty,epatty3u@smugmug.com,female,Indonesia
Carlen,Budget,cbudget3v@trellian.com,male,Greece
Philip,Sawfoot,psawfoot3w@purevolume.com,female,Sweden
Alard,Plaster,aplaster3x@weebly.com,male,Macedonia
Eadie,Littlecote,elittlecote3y@example.com,male,Philippines
Aileen,Von Gladbach,avongladbach3z@yahoo.com,female,China
Bella,Gant,bgant40@naver.com,female,Indonesia
Lurette,McGaugie,lmcgaugie41@narod.ru,male,Philippines
Heath,Hoofe,hhoofe42@fc2.com,male,China
Katy,Whitland,kwhitland43@blogs.com,male,Cameroon
Myles,Shelley,mshelley44@arizona.edu,female,Philippines
Feliza,McComiskie,fmccomiskie45@vinaora.com,male,Macedonia
Payton,Benzing,pbenzing46@illinois.edu,female,China
Masha,Heavens,mheavens47@networkadvertising.org,female,Indonesia
Martita,Stansbie,mstansbie48@cisco.com,male,United States
Darline,Blampy,dblampy49@mayoclinic.com,male,Portugal
Dasha,Southwell,dsouthwell4a@nasa.gov,male,France
Darcy,Hutchens,dhutchens4b@freewebs.com,male,Czech Republic
Ugo,Skain,uskain4c@nhs.uk,female,Armenia
Kennett,Simeoli,ksimeoli4d@hibu.com,female,China
Elle,Stanley,estanley4e@msn.com,female,Brazil
Gonzalo,Rosenstock,grosenstock4f@dagondesign.com,male,Portugal
Teri,Slyne,tslyne4g@exblog.jp,female,Czech Republic
Marijn,Bools,mbools4h@china.com.cn,female,Pakistan
Diarmid,Ortet,dortet4i@seesaa.net,female,Brazil
Olivette,Sowman,osowman4j@harvard.edu,female,Brazil
Gunner,Gilkison,ggilkison4k@microsoft.com,female,China
Ferrel,Laminman,flaminman4l@wisc.edu,female,Saint Martin
Briggs,Davison,bdavison4m@marriott.com,male,Poland
Doro,Schneider,dschneider4n@imgur.com,female,Norway
Jandy,Elgie,jelgie4o@devhub.com,male,Russia
Morgan,Mowson,mmowson4p@cafepress.com,female,United States
Liliane,Sparrowe,lsparrowe4q@yelp.com,male,Brazil
Antonie,Slad,aslad4r@google.ru,female,China
Guinevere,Fernie,gfernie4s@statcounter.com,male,Indonesia
Micky,Tynan,mtynan4t@google.it,male,Argentina
Joanie,Clarricoates,jclarricoates4u@mashable.com,male,Argentina
Aretha,Balsom,abalsom4v@wp.com,male,Poland
Isabelita,Port,iport4w@nymag.com,female,Portugal
Renell,Tutchings,rtutchings4x@dropbox.com,female,Ukraine
Carolynn,Patriskson,cpatriskson4y@google.nl,female,China
Shay,Alston,salston4z@amazon.de,female,China
Francyne,Bembridge,fbembridge50@fastcompany.com,male,Libya
Haily,Carvilla,hcarvilla51@indiegogo.com,male,Philippines
Amy,Dillingstone,adillingstone52@youku.com,female,Morocco
Paddy,Davson,pdavson53@nymag.com,female,Togo
Lyndsie,Grewer,lgrewer54@unesco.org,male,Morocco
Danie,Hauck,dhauck55@census.gov,male,Colombia
Nona,Blumson,nblumson56@salon.com,female,Philippines
Titus,Minear,tminear57@github.com,male,France
Jordon,Absolom,jabsolom58@devhub.com,female,China
Onofredo,Sawer,osawer59@linkedin.com,female,China
Wilhelm,Donet,wdonet5a@artisteer.com,female,Austria
Benyamin,Harverson,bharverson5b@blog.com,male,China
Novelia,Tubb,ntubb5c@nhs.uk,male,Portugal
Selle,Skirvane,sskirvane5d@rakuten.co.jp,male,Peru
Jarred,Rispin,jrispin5e@cam.ac.uk,male,Ukraine
Jody,Vineall,jvineall5f@exblog.jp,female,Peru
Bernarr,Spurgin,bspurgin5g@networkadvertising.org,male,China
Puff,Truelove,ptruelove5h@cnn.com,female,China
Marcille,De Ambrosi,mdeambrosi5i@feedburner.com,male,Democratic Republic of the Congo
Cal,Enbury,cenbury5j@bloomberg.com,female,China
Anthia,Hydes,ahydes5k@spotify.com,male,China
Debby,Fearns,dfearns5l@wikipedia.org,female,Russia
Orson,Bern,obern5m@arstechnica.com,female,China
King,Edwardes,kedwardes5n@pen.io,female,Brazil
Verne,Bevans,vbevans5o@imageshack.us,female,China
Ephrem,Severns,eseverns5p@google.com.hk,male,South Korea
Hester,Guymer,hguymer5q@reddit.com,male,China
Ichabod,Larner,ilarner5r@slate.com,male,China
Valentia,Constant,vconstant5s@zimbio.com,male,China
Becca,Gamell,bgamell5t@prweb.com,female,Indonesia
Cullin,Harvett,charvett5u@webmd.com,male,Indonesia
Serge,Jecock,sjecock5v@elpais.com,female,Indonesia
Angeli,Shakle,ashakle5w@japanpost.jp,female,Bulgaria
Lishe,Matteuzzi,lmatteuzzi5x@constantcontact.com,female,Canada
Leonid,McTavy,lmctavy5y@wunderground.com,female,Guatemala
Brynne,Hanrott,bhanrott5z@cdbaby.com,female,China
Moishe,Hemmingway,mhemmingway60@ted.com,female,France
Ali,Antyshev,aantyshev61@jalbum.net,male,Indonesia
Kristine,Vasey,kvasey62@zimbio.com,male,China
Matt,Barthropp,mbarthropp63@hostgator.com,male,Philippines
Hayes,Hasling,hhasling64@360.cn,female,China
Wallis,Joules,wjoules65@yandex.ru,female,China
Netty,Rustedge,nrustedge66@ftc.gov,male,Greece
Durante,Drysdell,ddrysdell67@360.cn,male,Czech Republic
Bertine,Matula,bmatula68@meetup.com,female,Cameroon
Pierre,Pietrowicz,ppietrowicz69@wp.com,female,France
Tomi,Barbe,tbarbe6a@marriott.com,male,Yemen
Goraud,Bleby,gbleby6b@deliciousdays.com,female,French Polynesia
Micheal,Goudie,mgoudie6c@hatena.ne.jp,female,China
Karleen,Aarons,kaarons6d@networksolutions.com,male,Russia
Raven,Kedie,rkedie6e@mashable.com,female,Haiti
Hal,Dummer,hdummer6f@microsoft.com,male,Poland
Dre,Kimbrey,dkimbrey6g@soup.io,female,Indonesia
Westbrooke,Siene,wsiene6h@fc2.com,male,Malaysia
Robinson,O' Loughran,roloughran6i@wordpress.org,female,Indonesia
Ashla,Hawkett,ahawkett6j@tripod.com,female,Brazil
Rochell,Noakes,rnoakes6k@spotify.com,female,Russia
Shirley,Sneyd,ssneyd6l@cargocollective.com,female,China
Trey,Siret,tsiret6m@cbc.ca,female,Argentina
Fraze,Romero,fromero6n@ftc.gov,male,Thailand
Lizzy,Selcraig,lselcraig6o@hud.gov,male,Philippines
Owen,Aarons,oaarons6p@ask.com,male,Albania
Pollyanna,Dann,pdann6q@livejournal.com,female,China
Kiri,Orange,korange6r@un.org,female,Pakistan
Nathanael,Ollin,nollin6s@cam.ac.uk,female,Poland
Silvie,Grisard,sgrisard6t@fc2.com,female,Poland
Norrie,D'Oyley,ndoyley6u@hud.gov,male,Russia
Bernetta,Castanos,bcastanos6v@amazon.de,male,Canada
Emery,Dehn,edehn6w@freewebs.com,female,Indonesia
Wolfgang,Dietzler,wdietzler6x@vinaora.com,male,Russia
Ezekiel,Shaylor,eshaylor6y@fotki.com,female,Brazil
Garold,Pallesen,gpallesen6z@nydailynews.com,female,Sweden
Antoinette,Brigginshaw,abrigginshaw70@mozilla.org,female,South Africa
Nelle,Tebboth,ntebboth71@themeforest.net,male,Russia
Lemmy,Higgan,lhiggan72@discovery.com,male,Uzbekistan
Rancell,Pinkney,rpinkney73@vkontakte.ru,male,China
Carley,Ondrich,condrich74@cdc.gov,male,Haiti
Zolly,Taleworth,ztaleworth75@latimes.com,female,Japan
Parsifal,Jamblin,pjamblin76@wp.com,female,Indonesia
Chelsea,Clemow,cclemow77@ucoz.com,male,China
Cchaddie,Tessyman,ctessyman78@i2i.jp,male,China
Sandye,Ferreras,sferreras79@slideshare.net,female,China
Denys,Maffy,dmaffy7a@tinypic.com,female,Czech Republic
Monique,Borchardt,mborchardt7b@pagesperso-orange.fr,male,Indonesia
Phelia,Stealey,pstealey7c@wix.com,female,Mexico
Gino,Lukash,glukash7d@wsj.com,male,Iran
Janeen,Torricella,jtorricella7e@mediafire.com,male,Cape Verde
Job,Tudbald,jtudbald7f@fema.gov,male,Vietnam
Nadiya,Cadge,ncadge7g@booking.com,male,China
Gavrielle,Gladhill,ggladhill7h@github.com,female,Uzbekistan
Sharron,Bliben,sbliben7i@feedburner.com,male,United States
Bary,Gresswell,bgresswell7j@over-blog.com,female,United States
Stefano,Kenvin,skenvin7k@xing.com,male,Indonesia
Whittaker,Callan,wcallan7l@furl.net,female,China
Sabine,Moules,smoules7m@hostgator.com,female,France
Wildon,Abrahami,wabrahami7n@slate.com,female,Brazil
Jennifer,Bryde,jbryde7o@seesaa.net,female,Portugal
Sorcha,Grahlmans,sgrahlmans7p@yolasite.com,female,United States
Rene,Brewin,rbrewin7q@blogger.com,female,China
Gearard,Gartshore,ggartshore7r@sphinn.com,male,Philippines
Derek,Nell,dnell7s@sourceforge.net,male,Indonesia
Olivier,Mattke,omattke7t@google.nl,male,Russia
Olivia,Carnilian,ocarnilian7u@state.gov,male,Indonesia
Haslett,Stave,hstave7v@miibeian.gov.cn,female,Brazil
Waylan,Jozwiak,wjozwiak7w@yolasite.com,female,Indonesia
Cate,Ronisch,cronisch7x@chicagotribune.com,female,Israel
Cly,Chadwen,cchadwen7y@indiatimes.com,female,China
Jackie,Ubsdell,jubsdell7z@wufoo.com,female,Poland
Paolina,Kinnerley,pkinnerley80@cmu.edu,male,Venezuela
Evyn,Domeney,edomeney81@xing.com,female,Indonesia
Toinette,Benasik,tbenasik82@fema.gov,female,China
Cassandra,Petri,cpetri83@stumbleupon.com,female,Philippines
Maisey,O'Brollachain,mobrollachain84@themeforest.net,male,Philippines
Happy,Atherton,hatherton85@youtu.be,male,Russia
Bert,Mogford,bmogford86@squidoo.com,male,Peru
Karlens,Duchenne,kduchenne87@house.gov,female,Indonesia
Mackenzie,Bacup,mbacup88@fda.gov,female,Philippines
Fayina,Linnitt,flinnitt89@wiley.com,female,Ukraine
Hildegaard,Quantick,hquantick8a@vk.com,female,Croatia
Evaleen,Kermannes,ekermannes8b@bloglines.com,male,Brazil
Sloan,Ingleton,singleton8c@phoca.cz,female,Honduras
Andrea,McKevany,amckevany8d@berkeley.edu,male,China
Manya,Biskupski,mbiskupski8e@taobao.com,male,Brazil
Teirtza,Fennick,tfennick8f@dedecms.com,male,Russia
Wynnie,Barmby,wbarmby8g@behance.net,female,Poland
Cristie,Wolsey,cwolsey8h@nationalgeographic.com,female,China
Stephan,Simkiss,ssimkiss8i@home.pl,male,Philippines
Jon,Pennells,jpennells8j@businessweek.com,male,China
Ulrica,Hubert,uhubert8k@wikispaces.com,male,Ukraine
Marta,Shillitoe,mshillitoe8l@joomla.org,female,Zambia
Meridel,Postgate,mpostgate8m@springer.com,female,China
Edithe,Lindwasser,elindwasser8n@webeden.co.uk,female,Mexico
Garrot,McKeney,gmckeney8o@newyorker.com,female,Poland
Vanda,Huntington,vhuntington8p@exblog.jp,female,Indonesia
Mair,MacNeely,mmacneely8q@paypal.com,male,Portugal
Robin,Galliver,rgalliver8r@ustream.tv,male,Croatia
Marnia,Syrett,msyrett8s@eepurl.com,male,China
Karola,Pachmann,kpachmann8t@theatlantic.com,female,Poland
Corabelle,Lardner,clardner8u@opensource.org,female,Russia
Libbi,Redford,lredford8v@cargocollective.com,male,Malaysia
Adolphe,Wheway,awheway8w@artisteer.com,female,China
Winnie,Kolin,wkolin8x@senate.gov,female,Colombia
Abbie,Kehri,akehri8y@symantec.com,female,Greece
Donia,Weatherill,dweatherill8z@cnet.com,female,China
Aylmar,Race,arace90@tinyurl.com,male,New Zealand
Cati,Binding,cbinding91@squarespace.com,female,Russia
Stinky,Brentnall,sbrentnall92@com.com,male,Ukraine
Xenia,Noonan,xnoonan93@sakura.ne.jp,male,Indonesia
Nicko,Haeslier,nhaeslier94@w3.org,male,Vietnam
Cristine,Tinn,ctinn95@acquirethisname.com,male,China
Miquela,Strike,mstrike96@uol.com.br,male,United States
Nap,Featherstone,nfeatherstone97@gizmodo.com,male,France
Myles,Checcuzzi,mcheccuzzi98@state.gov,male,Portugal
Flinn,Rowlstone,frowlstone99@jugem.jp,female,United States
Harcourt,Paulillo,hpaulillo9a@google.de,female,China
Diane-marie,Duignan,dduignan9b@wiley.com,male,Sweden
Dre,Gurwood,dgurwood9c@yale.edu,male,Canada
Barr,Seton,bseton9d@wix.com,male,Finland
Christy,Worland,cworland9e@prnewswire.com,female,Russia
Sigismondo,Oldcroft,soldcroft9f@friendfeed.com,male,Eritrea
Farrel,Jiracek,fjiracek9g@google.fr,male,Malawi
Lindy,Willmott,lwillmott9h@so-net.ne.jp,female,Sweden
Carmelia,Pimlock,cpimlock9i@china.com.cn,male,Haiti
Faye,Sweeten,fsweeten9j@nhs.uk,female,China
Brandise,Slemmonds,bslemmonds9k@fda.gov,female,France
Renato,Winram,rwinram9l@wordpress.org,male,China
Kandy,Gilchriest,kgilchriest9m@miitbeian.gov.cn,male,Nigeria
Ariella,Ogger,aogger9n@aboutads.info,male,Indonesia
Tanney,Starton,tstarton9o@gnu.org,female,Honduras
Rossie,Janaszkiewicz,rjanaszkiewicz9p@sun.com,female,China
Kayle,Croker,kcroker9q@chronoengine.com,female,Philippines
Cyndia,Arthy,carthy9r@angelfire.com,male,Vietnam
Matelda,Felce,mfelce9s@nydailynews.com,male,China
Beverly,Trunks,btrunks9t@skype.com,female,Philippines
Werner,Giacopello,wgiacopello9u@constantcontact.com,female,Uzbekistan
Ollie,Sheara,osheara9v@alibaba.com,male,Colombia
Leigha,Byrne,lbyrne9w@plala.or.jp,female,Russia
Chrysler,Sedge,csedge9x@merriam-webster.com,female,Indonesia
Barbee,Pavlitschek,bpavlitschek9y@wiley.com,female,Pakistan
Shannah,Frankish,sfrankish9z@desdev.cn,female,United States
Luella,Dulany,ldulanya0@house.gov,female,France
Roderick,Broadberry,rbroadberrya1@imageshack.us,female,China
Lyon,Randerson,lrandersona2@dropbox.com,female,Armenia
Tedd,Parkisson,tparkissona3@cornell.edu,female,Philippines
Jaime,Fairlaw,jfairlawa4@stanford.edu,male,Canada
Jacky,Titterington,jtitteringtona5@drupal.org,female,Netherlands
Kahlil,Deyes,kdeyesa6@wisc.edu,male,Indonesia
Joane,Navarro,jnavarroa7@psu.edu,female,Ivory Coast
Rollie,Badland,rbadlanda8@jugem.jp,male,Ukraine
Horatia,Shuard,hshuarda9@go.com,male,Republic of the Congo
Stavro,O'Hannen,sohannenaa@blog.com,male,France
Ibby,Reiling,ireilingab@adobe.com,male,Pakistan
Knox,Beccera,kbecceraac@comcast.net,male,Czech Republic
Louise,Foy,lfoyad@theatlantic.com,female,Jordan
Lester,Baughan,lbaughanae@usda.gov,female,Brazil
Patrice,Dahlborg,pdahlborgaf@eventbrite.com,female,Portugal
Eduino,MacCumeskey,emaccumeskeyag@woothemes.com,male,China
Olia,Matterson,omattersonah@census.gov,female,Indonesia
Westley,Yorston,wyorstonai@indiatimes.com,male,China
Ruddie,Eagland,reaglandaj@skyrock.com,male,Indonesia
Reginauld,Lemonnier,rlemonnierak@constantcontact.com,male,China
Brigit,Huckell,bhuckellal@squarespace.com,female,Colombia
Tades,Filipov,tfilipovam@vk.com,female,Poland
Frederico,Krochmann,fkrochmannan@unblog.fr,male,Albania
Traci,Ewing,tewingao@slashdot.org,female,Czech Republic
Meridith,Bilbie,mbilbieap@dropbox.com,male,Japan
Jard,Garvill,jgarvillaq@google.it,male,Russia
Taffy,Organer,torganerar@youtube.com,female,Czech Republic
Leela,MacMickan,lmacmickanas@oracle.com,male,Russia
Shurlocke,Lamblot,slamblotat@webs.com,male,United States
Wilbert,Korn,wkornau@domainmarket.com,male,Argentina
Laryssa,Bankhurst,lbankhurstav@gov.uk,male,Brazil
Nolana,Leeds,nleedsaw@independent.co.uk,male,China
Aubert,Eadmeads,aeadmeadsax@imageshack.us,male,Indonesia
Dolores,Doddridge,ddoddridgeay@latimes.com,male,Portugal
Jenilee,Bellenger,jbellengeraz@ox.ac.uk,male,Indonesia
Kelila,Alchin,kalchinb0@ustream.tv,male,China
Thomasa,Thomassen,tthomassenb1@nifty.com,male,Philippines
Inigo,Floyed,ifloyedb2@earthlink.net,male,Armenia
Immanuel,Ashall,iashallb3@rambler.ru,female,Indonesia
Marleah,Letrange,mletrangeb4@indiatimes.com,male,Canada
Chrisy,Van Daalen,cvandaalenb5@time.com,female,Ethiopia
Rurik,Eliaz,reliazb6@irs.gov,male,Nigeria
Blinni,Pedlow,bpedlowb7@google.it,female,Indonesia
Brittan,Luxen,bluxenb8@smugmug.com,male,Japan
Rebeca,Ennion,rennionb9@friendfeed.com,female,Tanzania
Andres,Glascott,aglascottba@vinaora.com,male,Philippines
Sherie,Hutten,shuttenbb@ovh.net,female,Sweden
Jerrie,Gallone,jgallonebc@harvard.edu,female,China
Dore,Joris,djorisbd@constantcontact.com,male,Canada
Pandora,Gilhooly,pgilhoolybe@ftc.gov,female,Poland
Cristian,Herculson,cherculsonbf@netscape.com,female,Panama
Margarethe,Sherborne,msherbornebg@aboutads.info,female,Portugal
Kit,Laughnan,klaughnanbh@yale.edu,female,Russia
Gisela,Pound,gpoundbi@toplist.cz,male,China
Shelbi,Thickett,sthickettbj@gov.uk,male,Indonesia
Nadya,Hadwick,nhadwickbk@storify.com,male,Dominican Republic
Joe,Creany,jcreanybl@theatlantic.com,male,China
Annora,Soppett,asoppettbm@xing.com,male,Indonesia
Eduino,Orbell,eorbellbn@examiner.com,female,Mongolia
Caresse,Kurton,ckurtonbo@usda.gov,male,Sweden
Bridget,Goldby,bgoldbybp@shop-pro.jp,female,China
Jamal,Vise,jvisebq@weebly.com,female,Mongolia
Jarrid,Medendorp,jmedendorpbr@stumbleupon.com,male,Russia
Chaim,Ferrotti,cferrottibs@behance.net,male,Russia
Kaitlyn,Palatino,kpalatinobt@intel.com,female,Czech Republic
Giacomo,Frazer,gfrazerbu@hibu.com,male,Poland
Ario,Moffett,amoffettbv@1und1.de,female,Indonesia
Galvin,Gianullo,ggianullobw@com.com,female,Russia
Ly,Madison,lmadisonbx@wp.com,female,Portugal
Alejandro,Culter,aculterby@sphinn.com,male,Albania
Mariejeanne,Reavey,mreaveybz@disqus.com,male,Poland
Winfred,Malmar,wmalmarc0@irs.gov,female,Poland
Alison,Jedras,ajedrasc1@cnbc.com,male,China
Bobby,Skyrm,bskyrmc2@mail.ru,male,Indonesia
Earvin,Dencs,edencsc3@icio.us,female,Indonesia
Sybila,Tovey,stoveyc4@amazon.de,female,United States
Weidar,Carslake,wcarslakec5@vk.com,female,Chile
Rafi,Bushel,rbushelc6@toplist.cz,female,China
Tucker,Ranald,tranaldc7@epa.gov,female,China
Montague,Golston,mgolstonc8@instagram.com,male,Indonesia
Madelle,Bedford,mbedfordc9@facebook.com,male,Spain
Marty,Crawford,mcrawfordca@bandcamp.com,male,China
Jodie,Curneen,jcurneencb@reuters.com,female,China
Adrien,Best,abestcc@ustream.tv,male,Portugal
Amby,Minster,aminstercd@1und1.de,female,Indonesia
Banky,Sivorn,bsivornce@theguardian.com,male,Mongolia
Melodie,Wiggington,mwiggingtoncf@ucsd.edu,female,Bangladesh
Carita,Cockle,ccocklecg@joomla.org,male,Russia
Rebeca,Walton,rwaltonch@va.gov,male,China
Neila,Stanbury,nstanburyci@pagesperso-orange.fr,female,Brazil
Brenda,Penticost,bpenticostcj@shop-pro.jp,female,China
Suzanna,Alywen,salywenck@fc2.com,male,China
Phineas,Richten,prichtencl@aboutads.info,male,Poland
Judah,Pilpovic,jpilpoviccm@chicagotribune.com,male,Palau
Darsie,Jenik,djenikcn@auda.org.au,male,North Korea
Hendrika,Elnaugh,helnaughco@prnewswire.com,female,Morocco
Matthias,Pothbury,mpothburycp@etsy.com,male,Venezuela
Aurelea,Hauger,ahaugercq@blogger.com,male,China
Fancy,Wynrahame,fwynrahamecr@blog.com,male,Ukraine
Sawyer,Veldman,sveldmancs@hostgator.com,male,Mali
Esma,Spacie,espaciect@1und1.de,female,Costa Rica
Jeromy,Wanklyn,jwanklyncu@arstechnica.com,male,Argentina
Woodie,Dunbabin,wdunbabincv@wired.com,male,Colombia
Trev,Seelbach,tseelbachcw@blinklist.com,female,Indonesia
Suki,McJarrow,smcjarrowcx@altervista.org,female,China
Jannelle,Roskeilly,jroskeillycy@jigsy.com,male,Honduras
Padgett,Pauer,ppauercz@paypal.com,male,Russia
Josy,Bubear,jbubeard0@w3.org,male,Philippines
Emmy,Cholwell,echolwelld1@google.nl,female,Finland
Federica,O'Cannovane,focannovaned2@unc.edu,male,Jordan
Kearney,Cakes,kcakesd3@ed.gov,female,France
Bryana,Sherston,bsherstond4@reference.com,female,United States
Ronnie,Verrico,rverricod5@histats.com,male,Colombia
Ann,Catchpole,acatchpoled6@netscape.com,female,Canada
Dicky,Wrate,dwrated7@comsenz.com,male,Sweden
Godard,Walesby,gwalesbyd8@economist.com,male,China
Charmane,Riquet,criquetd9@unblog.fr,male,Germany
Dagmar,Freak,dfreakda@examiner.com,male,Thailand
Forbes,McGoldrick,fmcgoldrickdb@google.com.br,female,United States
Antone,Jentges,ajentgesdc@ca.gov,male,Japan
Georgette,Silkstone,gsilkstonedd@123-reg.co.uk,male,Russia
Breanne,Purver,bpurverde@slashdot.org,male,China
Alejoa,Roome,aroomedf@friendfeed.com,male,Indonesia
Derrek,Tibbles,dtibblesdg@plala.or.jp,female,China
Hillier,Peotz,hpeotzdh@xrea.com,male,China
Che,Guillard,cguillarddi@dion.ne.jp,male,Brazil
Eduino,Plews,eplewsdj@parallels.com,female,Belarus
Bendick,Dawidowicz,bdawidowiczdk@slate.com,female,Syria
Malchy,March,mmarchdl@google.pl,female,China
Noah,Lindroos,nlindroosdm@qq.com,male,New Zealand
Marcela,Charlon,mcharlondn@deliciousdays.com,female,United States
Isidora,Kamen,ikamendo@i2i.jp,male,China
Alina,Baysting,abaystingdp@typepad.com,male,Belgium
Erick,Cesaric,ecesaricdq@intel.com,female,Czech Republic
Algernon,Thripp,athrippdr@disqus.com,female,Ecuador
Malory,Doubrava,mdoubravads@deliciousdays.com,male,Brazil
Zonda,Coxen,zcoxendt@blogs.com,female,China
Glenine,Condy,gcondydu@privacy.gov.au,male,Sweden
Elliot,Craddy,ecraddydv@linkedin.com,male,Indonesia
Wolfie,Stembridge,wstembridgedw@msn.com,female,Jamaica
Iorgo,Sesons,isesonsdx@macromedia.com,female,South Africa
Daryl,Blaisdell,dblaisdelldy@biglobe.ne.jp,female,Australia
Iosep,Arsmith,iarsmithdz@gravatar.com,male,Nigeria
Delcina,Stretton,dstrettone0@apple.com,female,China
Nollie,Hinchcliffe,nhinchcliffee1@intel.com,female,Indonesia
Baird,Brevitt,bbrevitte2@a8.net,male,Czech Republic
Rikki,Krook,rkrooke3@nps.gov,male,Philippines
Linea,Ickovitz,lickovitze4@diigo.com,female,Indonesia
Lillis,Wibrew,lwibrewe5@photobucket.com,male,Indonesia
James,Addicote,jaddicotee6@slashdot.org,male,Russia
Kitty,Gregersen,kgregersene7@free.fr,male,New Zealand
Bernadette,Stables,bstablese8@si.edu,female,Ethiopia
Faun,Wingfield,fwingfielde9@foxnews.com,male,Philippines
Illa,Beaves,ibeavesea@bigcartel.com,female,Philippines
Antonino,Burnhard,aburnhardeb@ebay.com,male,Indonesia
Kellby,Biddles,kbiddlesec@macromedia.com,male,China
Lilas,Payley,lpayleyed@about.com,male,Nigeria
Conny,Southam,csouthamee@cornell.edu,male,Russia
Jobina,Stuckford,jstuckfordef@nps.gov,male,China
Florette,MacCome,fmaccomeeg@com.com,male,Brazil
Jeanelle,Strethill,jstrethilleh@cmu.edu,female,Mayotte
Winnah,Kitney,wkitneyei@wunderground.com,female,Vietnam
Anna-diane,Corrao,acorraoej@businessweek.com,male,China
Philippine,Longman,plongmanek@hud.gov,female,Portugal
Melisse,Spofford,mspoffordel@360.cn,male,Indonesia
Janaye,Storton,jstortonem@reuters.com,male,Indonesia
Pall,Chichgar,pchichgaren@prlog.org,male,China
Cortie,Kitchenside,ckitchensideeo@oakley.com,female,China
Violet,Tranter,vtranterep@wsj.com,male,Ukraine
Myer,Shankle,mshankleeq@amazon.com,male,China
Alie,Cristofol,acristofoler@github.io,female,Poland
Kara,Giabuzzi,kgiabuzzies@nyu.edu,female,Poland
Ronnie,Stoeck,rstoecket@etsy.com,female,Russia
Kamilah,Salmond,ksalmondeu@123-reg.co.uk,male,Mexico
Fannie,McCorley,fmccorleyev@fda.gov,female,Indonesia
Dennie,Tanby,dtanbyew@wiley.com,male,Japan
Clark,Miliffe,cmiliffeex@nature.com,female,China
Stephine,Garlette,sgarletteey@shareasale.com,female,Dominican Republic
Cammy,Altham,calthamez@bing.com,male,Brazil
Coriss,Iddy,ciddyf0@unblog.fr,male,China
Dilan,Brandom,dbrandomf1@blogs.com,female,Poland
Janine,Hanham,jhanhamf2@fema.gov,female,China
Adelle,Kruszelnicki,akruszelnickif3@desdev.cn,female,Indonesia
Lorilyn,Pesic,lpesicf4@discuz.net,female,China
Monica,Pods,mpodsf5@ameblo.jp,female,China
La verne,Measey,lmeaseyf6@ucoz.ru,female,Argentina
Gwenore,Ormond,gormondf7@whitehouse.gov,female,China
Dawn,Palley,dpalleyf8@domainmarket.com,female,China
Raddie,Farrier,rfarrierf9@aol.com,male,China
Eldridge,Jouannisson,ejouannissonfa@skype.com,female,Finland
Marianna,Louedey,mlouedeyfb@tripadvisor.com,female,Zambia
Eldredge,Stickland,esticklandfc@umn.edu,male,Indonesia
Cicely,Kelley,ckelleyfd@taobao.com,male,Sweden
Aloysius,Retallack,aretallackfe@webnode.com,male,France
Yank,Galbraeth,ygalbraethff@cbc.ca,female,Portugal
Clari,Rottenbury,crottenburyfg@omniture.com,female,China
Michal,Albarez,malbarezfh@forbes.com,male,Indonesia
Tracie,McGavigan,tmcgaviganfi@qq.com,female,Peru
Elsy,Simmons,esimmonsfj@columbia.edu,female,Philippines
Kristel,Schneidar,kschneidarfk@devhub.com,female,China
Eugenie,Cliss,eclissfl@nifty.com,male,Iraq
Kathe,Wadhams,kwadhamsfm@archive.org,male,China
Kerwinn,Pothbury,kpothburyfn@free.fr,male,Indonesia
Angel,Bachura,abachurafo@etsy.com,female,Russia
Mal,Rouby,mroubyfp@icq.com,female,Indonesia
Daisy,Earl,dearlfq@dmoz.org,male,Norway
Blondie,Portress,bportressfr@hugedomains.com,male,Sweden
Raff,Kleinsinger,rkleinsingerfs@google.com.au,female,Sweden
Deirdre,Tibbs,dtibbsft@theguardian.com,female,United States
Waylin,Thomsson,wthomssonfu@time.com,female,Greece
Winonah,Trevers,wtreversfv@prnewswire.com,male,Japan
Cal,Sleeman,csleemanfw@trellian.com,female,Croatia
Graeme,Hamner,ghamnerfx@woothemes.com,female,Sweden
Jolee,Collop,jcollopfy@acquirethisname.com,female,New Zealand
Caresa,Player,cplayerfz@deviantart.com,female,Spain
Tallia,Dumphries,tdumphriesg0@amazon.com,female,Zimbabwe
Nessy,Deackes,ndeackesg1@delicious.com,male,United States
Carma,Dubbin,cdubbing2@kickstarter.com,female,Nigeria
Gelya,Stonhard,gstonhardg3@sbwire.com,female,Philippines
Hobey,Simonyi,hsimonyig4@netscape.com,male,Argentina
Tony,Blabie,tblabieg5@sitemeter.com,male,Japan
Geralda,Mankor,gmankorg6@pinterest.com,male,Brazil
Benyamin,Legrave,blegraveg7@moonfruit.com,female,Indonesia
Terri,Maier,tmaierg8@bluehost.com,male,China
Jilli,Danilin,jdaniling9@springer.com,male,Ukraine
Louise,O' Neligan,loneliganga@craigslist.org,female,Jordan
Sherlocke,Ead,seadgb@angelfire.com,female,Colombia
Wade,Desseine,wdesseinegc@nbcnews.com,male,Finland
Mable,Moughton,mmoughtongd@timesonline.co.uk,female,Venezuela
Britt,Harbour,bharbourge@harvard.edu,male,Philippines
Murray,McQuie,mmcquiegf@biglobe.ne.jp,female,Peru
Blane,Nellen,bnellengg@time.com,female,China
Raimundo,Hansell,rhansellgh@theglobeandmail.com,male,Mongolia
Philippa,Ducker,pduckergi@msn.com,female,Argentina
Jerrylee,enzley,jenzleygj@soup.io,male,Indonesia
Alameda,Farlam,afarlamgk@cpanel.net,male,Sri Lanka
Dari,Zanetti,dzanettigl@moonfruit.com,female,France
Hunt,Joesbury,hjoesburygm@twitpic.com,female,Brazil
Goddard,Wince,gwincegn@nyu.edu,male,China
Arabel,Gadsdon,agadsdongo@nba.com,female,Iran
Granger,Santino,gsantinogp@behance.net,female,Afghanistan
Henryetta,Ebbles,hebblesgq@umn.edu,female,Brazil
Sydelle,Fahy,sfahygr@apple.com,male,Indonesia
Jarrett,Talby,jtalbygs@lulu.com,male,Sweden
Odelia,Fluger,oflugergt@goo.gl,female,Philippines
Alida,Long,alonggu@google.fr,female,France
Ella,Bembrick,ebembrickgv@moonfruit.com,male,South Africa
Amaleta,Sharpe,asharpegw@umich.edu,male,Indonesia
Milzie,Bailes,mbailesgx@1688.com,male,China
Calida,O'Fergus,cofergusgy@instagram.com,male,Indonesia
Andrea,Cerro,acerrogz@meetup.com,male,Ukraine
Henka,Yair,hyairh0@ucoz.com,female,China
Sarajane,Krienke,skrienkeh1@php.net,male,Portugal
Stefa,Crossman,scrossmanh2@163.com,female,Peru
Bill,Clynman,bclynmanh3@edublogs.org,male,United States
Nesta,Gillon,ngillonh4@ifeng.com,female,United States
Haleigh,Smurfit,hsmurfith5@cyberchimps.com,female,Brazil
Donielle,Lindegard,dlindegardh6@psu.edu,male,Russia
Chadwick,Stoll,cstollh7@wikia.com,female,China
Fawn,Barrington,fbarringtonh8@pen.io,male,Indonesia
Atalanta,Dalwood,adalwoodh9@surveymonkey.com,female,Czech Republic
Fina,Boagey,fboageyha@deviantart.com,male,Serbia
Bunni,Satchel,bsatchelhb@businessinsider.com,male,Indonesia
Bride,Shovell,bshovellhc@nba.com,female,Indonesia
Elora,McNally,emcnallyhd@mysql.com,male,Portugal
Luke,Janek,ljanekhe@economist.com,female,Russia
Mark,Gofforth,mgofforthhf@smh.com.au,female,Philippines
Melisse,Derill,mderillhg@infoseek.co.jp,male,France
Penn,Creaven,pcreavenhh@prweb.com,male,China
Corrie,Busst,cbussthi@myspace.com,male,China
Kermit,Fasset,kfassethj@angelfire.com,female,Lebanon
Dinny,Dering,dderinghk@amazon.de,female,China
Waite,Sparke,wsparkehl@purevolume.com,male,Serbia
Jillayne,Bleakley,jbleakleyhm@bing.com,male,Mexico
Farr,Gillison,fgillisonhn@oakley.com,male,China
Stevena,Hattersley,shattersleyho@technorati.com,female,Denmark
Brandais,Goley,bgoleyhp@latimes.com,male,Indonesia
Alvan,Umpleby,aumplebyhq@smh.com.au,female,Brazil
Vanya,Oyley,voyleyhr@reference.com,female,Morocco
Ernesto,Portriss,eportrisshs@sina.com.cn,male,Portugal
Morgan,Tedman,mtedmanht@mac.com,female,Indonesia
Rubin,Sorley,rsorleyhu@google.com.hk,male,Canada
Hollie,Markie,hmarkiehv@google.com,male,China
Terrie,Di Napoli,tdinapolihw@nytimes.com,male,Tunisia
Vinson,Jacobowicz,vjacobowiczhx@admin.ch,male,Portugal
Sinclair,Guitte,sguittehy@ezinearticles.com,male,China
Lawton,McGonagle,lmcgonaglehz@foxnews.com,male,Indonesia
Julianna,Ewing,jewingi0@networkadvertising.org,female,China
Berkley,Gout,bgouti1@eepurl.com,female,Zimbabwe
Alric,Pilipets,apilipetsi2@bloglovin.com,male,Indonesia
Waldon,Shillington,wshillingtoni3@devhub.com,female,Mexico
Godard,Tagg,gtaggi4@jiathis.com,female,Finland
Rozalie,Draisey,rdraiseyi5@sbwire.com,male,Russia
Coralie,Collabine,ccollabinei6@census.gov,male,Brazil
Raymond,Abbatini,rabbatinii7@cnn.com,female,Russia
Erda,Loomes,eloomesi8@wikia.com,female,France
Lewie,Licciardo,llicciardoi9@economist.com,male,China
Jacynth,Shanklin,jshanklinia@examiner.com,female,Japan
Martin,Bartolijn,mbartolijnib@studiopress.com,female,Russia
Harald,Allston,hallstonic@netscape.com,female,Germany
Joli,Robichon,jrobichonid@hostgator.com,female,China
Sascha,Jurick,sjurickie@reuters.com,female,Ukraine
Karney,O'Gleasane,kogleasaneif@google.ca,female,China
Janean,Soal,jsoalig@fema.gov,male,China
Noell,Scammell,nscammellih@soundcloud.com,female,Sweden
Alleen,Di Biasi,adibiasiii@purevolume.com,female,Portugal
Allie,Berka,aberkaij@oracle.com,male,Cameroon
Amargo,Holdron,aholdronik@ezinearticles.com,male,Panama
Olly,Meas,omeasil@blog.com,female,China
Austina,Blaisdell,ablaisdellim@weather.com,female,Ukraine
Sergei,Gerardin,sgerardinin@instagram.com,male,China
Guilbert,Cescot,gcescotio@com.com,male,Sri Lanka
Anabel,Chree,achreeip@youtube.com,female,Ukraine
Nathanael,McReynolds,nmcreynoldsiq@latimes.com,male,Brazil
Cecilla,Seamarke,cseamarkeir@hp.com,male,China
Alecia,M'Barron,ambarronis@illinois.edu,female,China
Randy,Feige,rfeigeit@unblog.fr,female,Afghanistan
Ollie,Lerven,olerveniu@hao123.com,male,United States
Derby,Esselen,desseleniv@printfriendly.com,female,Portugal
Hyacinthia,Dagless,hdaglessiw@whitehouse.gov,female,Costa Rica
Ardra,Laherty,alahertyix@nbcnews.com,male,China
Claudell,MacKibbon,cmackibboniy@wired.com,female,China
Saul,Henaughan,shenaughaniz@mtv.com,female,Morocco
Kendal,Myner,kmynerj0@a8.net,male,Russia
Saxon,Biagini,sbiaginij1@gmpg.org,male,Indonesia
Doris,Strong,dstrongj2@livejournal.com,male,China
Dylan,Gillio,dgillioj3@omniture.com,male,China
Sarina,Cowin,scowinj4@arstechnica.com,male,China
Raymond,Sepey,rsepeyj5@abc.net.au,female,China
Rabi,Kimbling,rkimblingj6@ucsd.edu,female,Portugal
Wendy,Feaveryear,wfeaveryearj7@miitbeian.gov.cn,male,Poland
Rosmunda,Brandli,rbrandlij8@usatoday.com,male,Philippines
Alvina,Kidder,akidderj9@histats.com,female,Serbia
Nappie,Neil,nneilja@mit.edu,female,China
Idalia,Strute,istrutejb@bbc.co.uk,male,Mexico
Julee,Tempest,jtempestjc@mozilla.org,female,Egypt
Sile,Hullett,shullettjd@salon.com,male,Philippines
Myer,Charrington,mcharringtonje@t.co,female,Argentina
Tilda,Marikhin,tmarikhinjf@forbes.com,female,Philippines
Brittne,Leedal,bleedaljg@over-blog.com,female,Aland Islands
Erena,Gigg,egiggjh@delicious.com,male,China
Lynnelle,Olekhov,lolekhovji@whitehouse.gov,female,Uzbekistan
Eduino,Saunder,esaunderjj@indiegogo.com,female,Uzbekistan
Gisela,Clemont,gclemontjk@indiatimes.com,male,Croatia
Hermia,Pristnor,hpristnorjl@wunderground.com,female,Russia
Clemmie,Bene,cbenejm@illinois.edu,male,Indonesia
Perry,Wetherell,pwetherelljn@slashdot.org,male,Poland
Ollie,Gambrell,ogambrelljo@exblog.jp,female,Portugal
Garry,Joinson,gjoinsonjp@mozilla.com,female,Brazil
Jennilee,Isson,jissonjq@yelp.com,female,China
Joby,Tyrone,jtyronejr@hao123.com,male,Indonesia
Chancey,Synke,csynkejs@mayoclinic.com,female,Colombia
Erhart,Melton,emeltonjt@statcounter.com,female,Philippines
Bellina,Scare,bscareju@slashdot.org,male,Argentina
Jehanna,McCrow,jmccrowjv@free.fr,male,Colombia
Maible,Addlestone,maddlestonejw@indiegogo.com,female,Venezuela
Danit,Walworche,dwalworchejx@si.edu,male,Comoros
Husein,Gavey,hgaveyjy@w3.org,male,France
Jodi,Daulton,jdaultonjz@canalblog.com,female,Philippines
Edy,Leah,eleahk0@buzzfeed.com,female,Cuba
Colman,Davydkov,cdavydkovk1@goo.ne.jp,female,China
Israel,Kinahan,ikinahank2@nydailynews.com,female,China
Mattie,Hay,mhayk3@discuz.net,male,Burkina Faso
Libby,MacDavitt,lmacdavittk4@mozilla.org,female,Poland
Drugi,Reichhardt,dreichhardtk5@epa.gov,female,Indonesia
Amye,Morais,amoraisk6@dot.gov,male,China
Glad,Hannis,ghannisk7@skype.com,female,Bolivia
Kesley,Hollows,khollowsk8@harvard.edu,male,Netherlands
Joannes,Guinness,jguinnessk9@slate.com,male,Guatemala
Crin,Giacomini,cgiacominika@desdev.cn,male,Indonesia
Enid,Fuente,efuentekb@howstuffworks.com,male,Indonesia
Jenni,Morkham,jmorkhamkc@sun.com,male,China
Gisella,Mattingson,gmattingsonkd@dyndns.org,female,Lithuania
Lorie,Marcombe,lmarcombeke@businessinsider.com,female,Indonesia
Cristine,Harkin,charkinkf@alexa.com,female,Indonesia
Gretel,Candish,gcandishkg@eventbrite.com,male,China
Bendicty,Larking,blarkingkh@psu.edu,male,Philippines
Nicole,Bartolozzi,nbartolozziki@phpbb.com,female,Sri Lanka
Averell,Budgeon,abudgeonkj@com.com,male,Armenia
Mackenzie,O'Loughane,moloughanekk@sourceforge.net,female,Sweden
Sidney,Norrington,snorringtonkl@goo.gl,female,Poland
Griffith,Eallis,gealliskm@cbc.ca,female,Russia
Sue,Boxill,sboxillkn@tiny.cc,female,Indonesia
Bendix,Adamec,badamecko@twitter.com,female,Greece
Brook,Capewell,bcapewellkp@ibm.com,female,Russia
Rubina,Pleven,rplevenkq@com.com,female,Brazil
Grace,Eseler,geselerkr@unc.edu,male,Belarus
Jolene,Bautiste,jbautisteks@sakura.ne.jp,female,China
Paulo,Ouchterlony,pouchterlonykt@usgs.gov,male,China
Matilda,O'Hartagan,mohartaganku@upenn.edu,male,Comoros
Gabbi,Parrish,gparrishkv@youku.com,female,Myanmar
Charity,Corriea,ccorrieakw@furl.net,male,Czech Republic
Cassondra,Vasenin,cvaseninkx@freewebs.com,male,Ukraine
Janella,Hawkeridge,jhawkeridgeky@github.com,female,Tajikistan
Conrado,Robertshaw,crobertshawkz@squidoo.com,male,Russia
Lucie,Valentine,lvalentinel0@t.co,female,China
Bea,Ammer,bammerl1@weibo.com,female,China
Elinor,Roller,erollerl2@parallels.com,male,Brazil
Chickie,Milsap,cmilsapl3@topsy.com,male,Ukraine
Langsdon,Cejka,lcejkal4@newsvine.com,male,Indonesia
Howard,Packham,hpackhaml5@digg.com,male,Argentina
Alvinia,Conyer,aconyerl6@pagesperso-orange.fr,male,Ukraine
Trip,Brearley,tbrearleyl7@omniture.com,male,Canada
Ardine,Christofle,achristoflel8@amazon.de,male,Poland
Vern,Hulk,vhulkl9@tripadvisor.com,female,Indonesia
Benedikt,MacCallion,bmaccallionla@tripadvisor.com,male,Russia
Rodger,Maskell,rmaskelllb@ovh.net,male,Brazil
Reinald,Cobbing,rcobbinglc@howstuffworks.com,male,United States
Marshal,Geibel,mgeibelld@ycombinator.com,male,France
Iolanthe,McDowell,imcdowellle@virginia.edu,male,China
Raina,Branston,rbranstonlf@dyndns.org,female,Kyrgyzstan
Petronella,Badman,pbadmanlg@mail.ru,male,France
Elicia,Ranyelld,eranyelldlh@ow.ly,female,Indonesia
Anabella,Dominici,adominicili@issuu.com,male,Portugal
Brit,Jochen,bjochenlj@alexa.com,female,Ukraine
Jule,Andrusyak,jandrusyaklk@nature.com,male,Albania
Arabela,Bleckly,ablecklyll@360.cn,male,Russia
Odell,Beckmann,obeckmannlm@is.gd,male,Philippines
Wiatt,Grime,wgrimeln@parallels.com,female,South Africa
Eveline,Knapton,eknaptonlo@google.com.au,female,Indonesia
Tootsie,Habergham,thaberghamlp@oaic.gov.au,male,Thailand
Isabeau,Maciak,imaciaklq@opera.com,female,Russia
Jamie,Lipp,jlipplr@columbia.edu,male,Japan
Skipton,Kardos,skardosls@jalbum.net,male,Poland
Tracie,Shutt,tshuttlt@icq.com,female,Bhutan
Sallie,Rewan,srewanlu@examiner.com,male,Philippines
Orv,Conelly,oconellylv@cnet.com,male,Philippines
Merrie,Dawks,mdawkslw@liveinternet.ru,male,United States
Mitchel,Tolwood,mtolwoodlx@pcworld.com,female,Philippines
Saree,Legen,slegenly@163.com,female,Burkina Faso
Kaylyn,Borthe,kborthelz@elpais.com,male,New Zealand
Monah,Chazier,mchazierm0@hexun.com,female,South Korea
Annalee,Judron,ajudronm1@spotify.com,male,Georgia
Lishe,Ounsworth,lounsworthm2@redcross.org,male,Czech Republic
Zared,Izod,zizodm3@upenn.edu,male,Egypt
Carline,Tripean,ctripeanm4@wikispaces.com,male,Morocco
Hayes,Hamson,hhamsonm5@clickbank.net,male,Russia
Kacy,Grimmolby,kgrimmolbym6@quantcast.com,male,Indonesia
Artur,Choupin,achoupinm7@cbsnews.com,female,Brazil
Sashenka,Goneau,sgoneaum8@sogou.com,male,Indonesia
Torrence,Bransden,tbransdenm9@deliciousdays.com,female,China
Lita,Kensy,lkensyma@storify.com,male,Portugal
Angele,Sandars,asandarsmb@sbwire.com,male,Bolivia
Kerrill,Scrowson,kscrowsonmc@jimdo.com,female,Malaysia
Merle,Aronow,maronowmd@businessinsider.com,male,Mali
Barris,Breedy,bbreedyme@shutterfly.com,male,Greece
Elvin,Houlton,ehoultonmf@yelp.com,female,Sweden
Maureen,Atthow,matthowmg@webnode.com,male,France
Caz,Sketchley,csketchleymh@marketwatch.com,male,Ukraine
Shantee,Allport,sallportmi@spotify.com,female,China
Craggy,Samme,csammemj@dell.com,male,Japan
Crystie,Gearing,cgearingmk@posterous.com,male,China
Ikey,Skone,iskoneml@pagesperso-orange.fr,female,China
Ly,Weale,lwealemm@typepad.com,male,China
Roz,Godbolt,rgodboltmn@techcrunch.com,female,China
Maison,Samart,msamartmo@ucoz.ru,female,Ukraine
Rowan,Meran,rmeranmp@nyu.edu,female,Philippines
Ragnar,Wickson,rwicksonmq@flickr.com,female,Peru
Lanita,Sidwell,lsidwellmr@paginegialle.it,female,Indonesia
Evelyn,Bound,eboundms@symantec.com,female,Sweden
Gregorius,Rosbotham,grosbothammt@weather.com,female,China
Carl,Jado,cjadomu@wufoo.com,female,China
Jeremie,Cottel,jcottelmv@tuttocitta.it,female,Japan
Meaghan,Spiteri,mspiterimw@state.gov,male,Philippines
Marjy,Croft,mcroftmx@adobe.com,male,Philippines
Cinderella,Leachman,cleachmanmy@slate.com,female,Thailand
Bliss,Arger,bargermz@wikimedia.org,female,Moldova
Chantal,Whitebread,cwhitebreadn0@about.com,male,Philippines
Michelina,Pochet,mpochetn1@elegantthemes.com,male,Czech Republic
Myrle,Parren,mparrenn2@people.com.cn,female,Nigeria
Mead,Paulou,mpauloun3@rediff.com,female,China
Dotti,Nowell,dnowelln4@walmart.com,female,China
Casper,Boggis,cboggisn5@archive.org,female,China
Corty,Grassi,cgrassin6@paginegialle.it,female,China
Zerk,Flello,zflellon7@prweb.com,male,Nigeria
Garek,Slide,gsliden8@rakuten.co.jp,female,Sweden
Kathlin,Hockell,khockelln9@youku.com,female,Japan
Rene,Dover,rdoverna@goo.gl,male,Philippines
Candi,Bariball,cbariballnb@statcounter.com,female,China
Jsandye,Miskin,jmiskinnc@nba.com,female,Indonesia
Kevon,Basindale,kbasindalend@studiopress.com,female,China
Theodore,Hyne,thynene@alibaba.com,male,United States
Randolph,Pedder,rpeddernf@nytimes.com,female,China
Braden,Treat,btreatng@t-online.de,male,China
Randi,Wilman,rwilmannh@google.com.hk,female,Russia
Merla,Sinnocke,msinnockeni@disqus.com,male,China
Fulvia,Terrazzo,fterrazzonj@cbc.ca,male,Brazil
Barris,Abramov,babramovnk@npr.org,male,Portugal
Lowrance,O'Flaverty,loflavertynl@yelp.com,female,Cuba
Vince,Marquot,vmarquotnm@arstechnica.com,female,Uzbekistan
Mallory,Tremellier,mtremelliernn@mysql.com,female,Italy
Antonina,Silverthorne,asilverthorneno@walmart.com,female,Poland
Melisent,Scane,mscanenp@1und1.de,female,Azerbaijan
Mike,Beloe,mbeloenq@howstuffworks.com,female,Philippines
Whitaker,Siely,wsielynr@angelfire.com,male,China
Vivyanne,Piens,vpiensns@sfgate.com,female,Kiribati
Tara,Reedy,treedynt@feedburner.com,female,Burundi
Riccardo,Condy,rcondynu@apple.com,female,Pakistan
Cyb,Tringham,ctringhamnv@weather.com,female,Philippines
Yardley,Tooker,ytookernw@mozilla.com,female,China
Vilma,Johanssen,vjohanssennx@businessinsider.com,female,Croatia
Essie,Vaudrey,evaudreyny@tumblr.com,male,Mongolia
Afton,Rimes,arimesnz@sun.com,male,Czech Republic
Layton,Benko,lbenkoo0@merriam-webster.com,female,Panama
Deirdre,Tozer,dtozero1@ucoz.ru,male,China
Leon,Lodeke,llodekeo2@about.me,male,Philippines
Mohandas,Quinet,mquineto3@wikia.com,female,Poland
Birch,Dundredge,bdundredgeo4@merriam-webster.com,male,Greece
Margarette,Goffe,mgoffeo5@fc2.com,male,China
Wren,Rudsdell,wrudsdello6@army.mil,male,Indonesia
Joelynn,Brimelow,jbrimelowo7@purevolume.com,male,South Korea
Maressa,Sandiford,msandifordo8@google.es,male,Indonesia
Maurene,Radbourn,mradbourno9@mysql.com,male,Lesotho
Jennee,Brooksbank,jbrooksbankoa@pbs.org,female,Japan
Jaquelyn,Redwin,jredwinob@acquirethisname.com,female,Brazil
Ruy,Laguerre,rlaguerreoc@sfgate.com,male,China
Lilian,Westgarth,lwestgarthod@about.com,female,Armenia
Krisha,Fanstone,kfanstoneoe@ocn.ne.jp,male,Japan
Krystyna,Yon,kyonof@epa.gov,male,Pakistan
Katleen,Theakston,ktheakstonog@merriam-webster.com,male,Czech Republic
Fairlie,Faulkes,ffaulkesoh@google.com,female,China
Car,Zamora,czamoraoi@booking.com,male,Sweden
Lucita,Dragonette,ldragonetteoj@comcast.net,male,Philippines
Fidel,Garbar,fgarbarok@pen.io,female,Philippines
Cort,Colvine,ccolvineol@so-net.ne.jp,male,Philippines
Ripley,Harbinson,rharbinsonom@youtu.be,female,China
Leann,Riddle,lriddleon@about.com,male,China
Ernst,Fawltey,efawlteyoo@constantcontact.com,female,Russia
Laetitia,McCaig,lmccaigop@about.me,male,Dominican Republic
Deane,Izkovitz,dizkovitzoq@e-recht24.de,female,United States
Mord,Curbishley,mcurbishleyor@360.cn,female,Russia
Veronika,Pauli,vpaulios@discovery.com,female,Angola
Ogdan,Jinkin,ojinkinot@cafepress.com,female,Japan
Herculie,Tombs,htombsou@skype.com,male,Philippines
Barn,Stannion,bstannionov@mail.ru,male,Ireland
Jere,Boothebie,jboothebieow@dot.gov,male,Sweden
Oates,Shillaber,oshillaberox@dagondesign.com,female,Indonesia
Willy,Gummie,wgummieoy@wufoo.com,male,Indonesia
Jerrold,Vynall,jvynalloz@ifeng.com,male,Indonesia
Nadya,Lismer,nlismerp0@icq.com,male,Brazil
Wadsworth,Wilshaw,wwilshawp1@acquirethisname.com,male,Macedonia
Rubia,Poizer,rpoizerp2@bigcartel.com,female,China
Jeffie,Castanie,jcastaniep3@alibaba.com,female,Democratic Republic of the Congo
Hally,Coull,hcoullp4@vkontakte.ru,male,Indonesia
Matias,Knappen,mknappenp5@mapy.cz,male,Thailand
Dotty,Roiz,droizp6@istockphoto.com,male,Brazil
Ronna,McCardle,rmccardlep7@webs.com,male,Luxembourg
Kristi,Lewtey,klewteyp8@hp.com,male,Portugal
Pavlov,Tomblings,ptomblingsp9@dmoz.org,female,Honduras
Lauraine,Shetliff,lshetliffpa@sina.com.cn,female,Russia
Jasmine,Alps,jalpspb@dagondesign.com,male,China
Nissie,Roistone,nroistonepc@geocities.jp,female,Russia
Phoebe,Biddlestone,pbiddlestonepd@rambler.ru,male,Iraq
Alfie,Osbaldstone,aosbaldstonepe@dailymotion.com,female,Armenia
Sonnie,Bewshea,sbewsheapf@ehow.com,female,East Timor
Dalton,Lethardy,dlethardypg@fema.gov,male,China
Panchito,Tibald,ptibaldph@hatena.ne.jp,female,Russia
Erminia,Fookes,efookespi@shutterfly.com,male,China
Tawsha,Clavey,tclaveypj@hexun.com,male,Argentina
Alys,Dicky,adickypk@plala.or.jp,female,China
Gottfried,Abden,gabdenpl@joomla.org,female,Indonesia
Danette,Dearman,ddearmanpm@whitehouse.gov,female,China
Shay,Dendon,sdendonpn@globo.com,female,Tunisia
Irvin,Coulter,icoulterpo@msn.com,female,China
Nicol,Cowderay,ncowderaypp@whitehouse.gov,female,China
Gare,Costin,gcostinpq@hud.gov,female,Poland
Hildy,Faithorn,hfaithornpr@soundcloud.com,female,Poland
Hobey,Laffoley-Lane,hlaffoleylaneps@about.me,male,Philippines
Katti,Matyasik,kmatyasikpt@geocities.com,male,Dominican Republic
Tonye,Elles,tellespu@hhs.gov,female,Peru
Ianthe,Phillott,iphillottpv@slate.com,male,Denmark
Meade,Dunnaway,mdunnawaypw@ted.com,male,Norway
Micheline,Twinterman,mtwintermanpx@howstuffworks.com,female,France
Harmon,Bradforth,hbradforthpy@yahoo.com,male,Indonesia
Margareta,Ridolfi,mridolfipz@msu.edu,male,Bolivia
Cassey,Abatelli,cabatelliq0@utexas.edu,female,Malaysia
Maryrose,Ribou,mribouq1@icio.us,female,Uganda
Vere,Wooderson,vwoodersonq2@wired.com,female,Philippines
Abbye,Addionisio,aaddionisioq3@bloomberg.com,male,Indonesia
Verge,Biggerdike,vbiggerdikeq4@behance.net,female,Brazil
Tadd,Hawkslee,thawksleeq5@bigcartel.com,male,France
Gerda,Santacrole,gsantacroleq6@ca.gov,female,Cyprus
Corrianne,Rushton,crushtonq7@hc360.com,female,Poland
Jan,Aisman,jaismanq8@livejournal.com,female,Colombia
Luca,Slinn,lslinnq9@pen.io,male,Indonesia
Rutherford,Meedendorpe,rmeedendorpeqa@bloglovin.com,female,Comoros
Raychel,Beccera,rbecceraqb@harvard.edu,male,China
Gaylene,Siddle,gsiddleqc@yellowbook.com,female,Netherlands
Chere,Kauscher,ckauscherqd@blogspot.com,female,Greece
Kandace,Keys,kkeysqe@mozilla.org,female,Japan
Pascale,Gathercoal,pgathercoalqf@icio.us,male,Philippines
Chryste,Southerton,csouthertonqg@cbsnews.com,female,China
Georgette,Crippen,gcrippenqh@earthlink.net,female,China
Carina,Lucia,cluciaqi@google.pl,female,China
Emilee,Ceillier,eceillierqj@uol.com.br,male,Haiti
Artemas,Mularkey,amularkeyqk@pagesperso-orange.fr,female,Lithuania
Darby,Silverston,dsilverstonql@youtube.com,female,Colombia
Nan,Luxmoore,nluxmooreqm@blogs.com,male,China
Keane,Truss,ktrussqn@theguardian.com,male,Mexico
Ynez,Laydel,ylaydelqo@biblegateway.com,female,Laos
Oralle,Braznell,obraznellqp@weebly.com,male,Czech Republic
Gwenni,McPeake,gmcpeakeqq@reddit.com,male,Thailand
Cinda,Reder,crederqr@w3.org,male,Argentina
Leanor,Middlebrook,lmiddlebrookqs@columbia.edu,male,Brazil
Barnabe,Danit,bdanitqt@aol.com,male,Gabon
Ida,Bear,ibearqu@ucoz.com,female,China
Augustine,Boerder,aboerderqv@illinois.edu,female,Greece
Janine,Benian,jbenianqw@cam.ac.uk,male,France
Mariquilla,Kopecka,mkopeckaqx@google.ca,female,Brazil
Hyacinthia,Henke,hhenkeqy@nytimes.com,female,Portugal
Minda,Yurkiewicz,myurkiewiczqz@eventbrite.com,female,Indonesia
Aggi,Immins,aimminsr0@columbia.edu,female,France
Lion,Clayden,lclaydenr1@google.com.hk,male,Thailand
Calvin,Chandler,cchandlerr2@ebay.com,male,China
Carmelita,Sidwell,csidwellr3@creativecommons.org,female,Russia
Haroun,Coursor,hcoursorr4@nasa.gov,male,China
Jocko,Demangeon,jdemangeonr5@arizona.edu,male,Thailand
Kelsy,Sidworth,ksidworthr6@google.cn,male,Japan
Sandie,Malan,smalanr7@facebook.com,female,Marshall Islands
Zacharia,Dumbreck,zdumbreckr8@guardian.co.uk,male,Indonesia
Mae,McCosh,mmccoshr9@weebly.com,male,Portugal
Gaye,Fundell,gfundellra@shareasale.com,male,China
Miquela,Larter,mlarterrb@smugmug.com,male,China
Pollyanna,Stubley,pstubleyrc@msu.edu,male,Denmark
Chevalier,Farthin,cfarthinrd@cpanel.net,male,Mongolia
Davis,Lewington,dlewingtonre@shareasale.com,female,Philippines
Fianna,Lenz,flenzrf@cbslocal.com,female,Philippines
Tate,De Miranda,tdemirandarg@mozilla.org,male,Malaysia
Fletch,Danelutti,fdaneluttirh@cbc.ca,female,Comoros
Reinold,Haug,rhaugri@psu.edu,female,Brazil
Hendrik,Evanson,hevansonrj@unc.edu,female,Brazil
Karil,McCurrie,kmccurrierk@xing.com,female,Iran
Ada,Cruickshanks,acruickshanksrl@answers.com,female,Russia
Nicholas,Grollmann,ngrollmannrm@deliciousdays.com,male,Greece
Justine,Medgewick,jmedgewickrn@ebay.com,male,France
Hurlee,Oleksinski,holeksinskiro@scientificamerican.com,male,Philippines
Percy,McGonigal,pmcgonigalrp@godaddy.com,female,Brazil
Odetta,Torpie,otorpierq@webeden.co.uk,female,Mexico
Stephanus,Stern,ssternrr@bluehost.com,male,Thailand
